Rk,Player,Pos,City,From,To,AP1,PB,St,wAV,G,Cmp,Att,Yds,TD,Lng,Int,Sk,Yds.1,Att.1,Yds.2,TD.1,Lng.1,Rec,Yds.3,TD.2,Lng.2,Player-additional
1,Pat Snyder,LB,,1987,1991,0,0,0,0,3,,,,0,,,,,,,0,,,,0,,SnydPa20
2,Eric Brown,DB,,1989,1989,0,0,0,0,1,,,,0,,,,,,,0,,,,0,,BrowEr22
3,Lynwood Alford,LB,,1987,1987,0,0,0,0,1,,,,0,,,,,,,0,,,,0,,AlfoLy20
4,Mel Anderson,WR,,1987,1987,0,0,0,0,2,,,,0,,,,,,,0,,,,0,,AndeMe20
5,John Arp,T,,1987,1987,0,0,0,1,2,,,,0,,,,,,,0,,,,0,,ArpxJo20
6,Milton Barney,WR,,1987,1987,0,0,0,1,3,,,,0,,,,,,,0,,10.0,175.0,2,32.0,BarnMi21
7,Brant Bengen,WR,,1987,1987,0,0,0,0,3,,,,0,,,,,,,0,,2.0,33.0,0,24.0,BengBr20
8,Steve Bradley,QB,,1987,1987,0,0,0,0,1,6.0,18.0,77.0,2,18.0,3.0,3.0,24.0,1.0,-3.0,0,-3.0,,,0,,BradSt20
9,Chris Brown,T,,1987,1987,0,0,0,0,1,,,,0,,,,,,,0,,,,0,,BrowCh23
10,Eric Brown,WR,,1987,1987,0,0,0,1,2,,,,0,,,,,,,0,,5.0,69.0,0,23.0,BrowEr20
11,Danny Burmeister,DB,,1987,1987,0,0,0,0,3,,,,0,,,,,,,0,,,,0,,BurmDa20
12,Milt Carthens,T,,1987,1987,0,0,0,0,1,,,,0,,,,,,,0,,,,0,,CartMi20
13,Torin Clark,DB,,1987,1987,0,0,0,0,2,,,,0,,,,,,,0,,,,0,,ClarTo20
14,Eric Cobble,RB,,1987,1987,0,0,0,0,3,,,,0,,,,,9.0,23.0,0,12.0,,,0,,CobbEr20
15,Anthony Corvino,G,,1987,1987,0,0,0,0,2,,,,0,,,,,,,0,,,,0,,CorvAn20
16,Eric Coss,C,,1987,1987,0,0,0,2,3,,,,0,,,,,,,0,,,,0,,CossEr20
17,Fred Davis,DB,,1987,1987,0,0,0,0,1,,,,0,,,,,,,0,,,,0,,DaviFr21
18,Russell Evans,WR,,1987,1987,0,0,0,0,1,,,,0,,,,,,,0,,,,0,,EvanRu20
19,Derrick Foster,RB,,1987,1987,0,0,0,0,3,,,,0,,,,,1.0,9.0,0,9.0,1.0,9.0,0,9.0,FostDe20
20,Alex Green,DB,,1987,1987,0,0,0,1,3,,,,0,,,,,,,0,,,,0,,GreeAl20
21,Stephen Griffin,RB,,1987,1987,0,0,0,0,1,,,,0,,,,,,,0,,,,0,,GrifSt20
22,Russell Hairston,DB,,1987,1987,0,0,0,1,3,,,,0,,,,,,,0,,2.0,16.0,1,11.0,HairRu20
23,David Hendley,DB,,1987,1987,0,0,0,0,2,,,,0,,,,,,,0,,,,0,,HendDa20
24,Joe Jackson,LB,,1987,1987,0,0,0,0,3,,,,0,,,,,,,0,,,,0,,JackJo20
25,Daryl Knox,LB,,1987,1987,0,0,0,0,3,,,,0,,,,,,,0,,,,0,,KnoxDa20
26,Bruce Livingston,DB,,1987,1987,0,0,0,0,3,,,,0,,,,,,,0,,,,0,,LiviBr20
27,Kim Mack,DB,,1987,1987,0,0,0,0,1,,,,0,,,,,,,0,,,,0,,MackKi20
28,Pete McCartney,T,,1987,1987,0,0,0,1,3,,,,0,,,,,,,0,,,,0,,McCaPe20
29,Bruce McCray,DB,,1987,1987,0,0,0,2,3,,,,0,,,,,,,0,,,,0,,McCrBr20
30,Sean McInerney,DE,,1987,1987,0,0,0,2,3,,,,0,,,,,,,0,,,,0,,McInSe20
31,John McVeigh,LB,,1987,1987,0,0,0,1,3,,,,0,,,,,,,0,,,,0,,McVeJo20
32,Ted Million,G,,1987,1987,0,0,0,0,1,,,,0,,,,,,,0,,,,0,,MillTe21
33,Frank Nicholson,LB,,1987,1987,0,0,0,1,3,,,,0,,,,,,,0,,,,0,,NichFr20
34,Jerome Norris,DB,,1987,1987,0,0,0,0,3,,,,0,,,,,,,0,,,,0,,NorrJe20
35,Jerry Parker,LB,,1987,1987,0,0,0,0,2,,,,0,,,,,,,0,,,,0,,ParkJe22
36,Rickey Parks,WR,,1987,1987,0,0,0,0,2,,,,0,,,,,,,0,,3.0,46.0,0,19.0,ParkRi22
37,Leon Pennington,LB,,1987,1987,0,0,0,0,3,,,,0,,,,,,,0,,,,0,,PennLe20
38,Dean Perryman,G,,1987,1987,0,0,0,0,1,,,,0,,,,,,,0,,,,0,,PerrDe20
39,Stacy Price,LB,,1987,1987,0,0,0,0,3,,,,0,,,,,,,0,,,,0,,PricSt20
40,Greg Quick,T,,1987,1987,0,0,0,0,1,,,,0,,,,,,,0,,,,0,,QuicGr20
41,Harold Ricks,RB,,1987,1987,0,0,0,1,3,,,,0,,,,,24.0,76.0,1,14.0,1.0,12.0,0,12.0,RickHa20
42,Ken Sager,TE,,1987,1987,0,0,0,0,3,,,,0,,,,,,,0,,,,0,,SageKe20
43,Todd Sandham,G,,1987,1987,0,0,0,0,2,,,,0,,,,,,,0,,,,0,,SandTo20
44,Jon Sawyer,DB,,1987,1987,0,0,0,0,2,,,,0,,,,,,,0,,,,0,,SawyJo20
45,Ed Schenk,TE,,1987,1987,0,0,0,0,3,,,,0,,,,,,,0,,1.0,10.0,0,10.0,ScheEd20
46,Tony Settles,LB,,1987,1987,0,0,0,0,3,,,,0,,,,,,,0,,,,0,,SettTo20
47,Jon Shields,G,,1987,1987,0,0,0,0,1,,,,0,,,,,,,0,,,,0,,ShieJo21
48,Dallis Smith,DB,,1987,1987,0,0,0,1,3,,,,0,,,,,,,0,,,,0,,SmitDa20
49,Larry Smith,LB,,1987,1987,0,0,0,0,3,,,,0,,,,,,,0,,,,0,,SmitLa21
50,Torin Smith,DE,,1987,1987,0,0,0,0,1,,,,0,,,,,,,0,,,,0,,SmitTo21
51,Wes Smith,WR,,1987,1987,0,0,0,0,1,,,,0,,,,,,,0,,,,0,,SmitWe21
52,Sebron Spivey,WR,,1987,1987,0,0,0,0,2,,,,0,,,,,,,0,,2.0,34.0,0,25.0,SpivSe20
53,Frank Sutton,T,,1987,1987,0,0,0,1,2,,,,0,,,,,,,0,,,,0,,SuttFr20
54,Tony Sweet,TE,,1987,1987,0,0,0,0,3,,,,0,,,,,,,0,,3.0,45.0,0,22.0,SweeTo20
55,Mike Teifke,C,,1987,1987,0,0,0,0,3,,,,0,,,,,,,0,,,,0,,TeifMi20
56,Darren Twombly,C,,1987,1987,0,0,0,0,1,,,,0,,,,,,,0,,,,0,,TwomDa20
57,Robert Washington,T,,1987,1987,0,0,0,0,3,,,,0,,,,,,,0,,,,0,,WashRo20
58,Cleve Wester,RB,,1987,1987,0,0,0,1,3,,,,0,,,,,33.0,113.0,0,14.0,,,0,,WestCl20
59,Bucky White,DB,,1987,1987,0,0,0,1,3,,,,0,,,,,,,0,,,,0,,WhitBu21
60,Murray Wichard,NT,,1987,1987,0,0,0,1,3,,,,0,,,,,,,0,,,,0,,WichMu20
61,Billy Witt,DE,,1987,1987,0,0,0,1,2,,,,0,,,,,,,0,,,,0,,WittBi20
62,Jim Yarbrough,DB,,1987,1987,0,0,0,0,3,,,,0,,,,,,,0,,,,0,,YarbJi20
63,Mike Zentic,C,,1987,1987,0,0,0,2,3,,,,0,,,,,,,0,,,,0,,ZentMi20
64,Joe Bell,DE,,1979,1979,0,0,0,0,1,,,,0,,,,,,,0,,,,0,,BellJo20
65,Joe DiVito,QB,,1968,1968,0,0,0,-1,3,1.0,6.0,16.0,0,16.0,0.0,2.0,30.0,1.0,-1.0,0,-1.0,,,0,,DiviJo00
66,Preston Johnson,RB,,1968,1968,0,0,0,0,3,,,,0,,,,,2.0,6.0,0,6.0,,,0,,JohnPr00
67,Ed McCall,WR,,1968,1968,0,0,0,0,1,,,,0,,,,,,,0,,,,0,,McCaEd20
68,Teddy Washington,RB,,1968,1968,0,0,0,0,1,,,,0,,,,,1.0,4.0,0,4.0,,,0,,WashTe00
69,Jim Gray,DB,,1966,1967,0,0,0,3,9,,,,0,,,,,,,0,,,,0,,GrayJi20
70,Don Smith,G,,1967,1967,0,0,0,1,2,,,,0,,,,,,,0,,,,0,,SmitDo21
71,Johnny Holmes,DE,,1966,1966,0,0,0,1,3,,,,0,,,,,,,0,,,,0,,HolmJo21
72,Jim Evans,WR,,1964,1965,0,0,0,1,21,,,,0,,,,,,,0,,9.0,80.0,0,17.0,EvanJi00
73,Herb Travenio,LLB,,1964,1965,0,0,0,8,17,,,,0,,,,,,,0,,,,0,,TravHe20
74,Charlie Browning,HB,,1965,1965,0,0,0,0,1,,,,0,,,,,,,0,,,,0,,BrowCh27
75,Bill Dawson,TE,,1965,1965,0,0,0,0,9,,,,0,,,,,,,0,,,,0,,DawsBi20
76,Fran Mallick,DE,,1965,1965,0,0,0,3,6,,,,0,,,,,,,0,,,,0,,MallFr20
77,Ed Meixler,LB,,1965,1965,0,0,0,2,4,,,,0,,,,,,,0,,,,0,,MeixEd20
78,Marshall Starks,DB,,1963,1964,0,0,0,6,18,,,,0,,,,,,,0,,,,0,,StarMa20
79,Vince Turner,DB,,1964,1964,0,0,0,3,6,,,,0,,,,,,,0,,,,0,,TurnVi20
80,Ken Gregory,E,,1961,1963,0,0,0,1,30,,,,0,,,,,,,0,,9.0,90.0,0,16.0,GregKe00
81,Lloyd Winston,FB,,1962,1963,0,0,0,1,6,,,,0,,,,,28.0,112.0,1,38.0,3.0,15.0,0,10.0,WinsLl00
82,Roy Curry,WR,,1963,1963,0,0,0,0,6,,,,0,,,,,,,0,,1.0,31.0,1,31.0,CurrRo00
83,Dick Johnson,WR,,1963,1963,0,0,0,0,5,,,,0,,,,,,,0,,2.0,17.0,1,11.0,JohnDi00
84,Lance Poimboeuf,G,,1963,1963,0,0,0,1,1,,,,0,,,,,,,0,,,,0,,PoimLa20
85,Don Allard,QB,,1961,1962,0,0,0,0,5,,,,0,,,,,,,0,,,,0,,AllaDo20
86,Claude King,HB,,1961,1962,0,0,0,2,25,,,,0,,,,,33.0,194.0,3,71.0,8.0,125.0,1,44.0,KingCl00
87,Charles Brown,T,,1962,1962,0,0,1,5,14,,,,0,,,,,,,0,,,,0,,BrowCh21
88,Chuck Bryant,E,,1962,1962,0,0,0,0,13,,,,0,,,,,,,0,,,,0,,BryaCh20
89,Oscar Donahue,WR,,1962,1962,0,0,0,2,13,,,,0,,,,,,,0,,16.0,285.0,1,53.0,DonaOs00
90,Roland Jackson,FB,,1962,1962,0,0,0,0,5,,,,0,,,,,,,0,,,,0,,JackRo24
91,George Fields,DT,,1960,1961,0,0,1,7,15,,,,0,,,,,,,0,,,,0,,FielGe20
92,Tom Greene,QB,,1960,1961,0,0,0,2,11,27.0,63.0,251.0,1,31.0,6.0,9.0,71.0,7.0,44.0,0,21.0,,,0,,GreeTo20
93,Bob Brooks,FB,,1961,1961,0,0,0,0,14,,,,0,,,,,15.0,55.0,0,9.0,,,0,,BrooBo00
94,Jerry Burch,WR,,1961,1961,0,0,0,1,14,,,,0,,,,,,,0,,18.0,235.0,1,54.0,BurcJe00
95,Cliff Roberts,T,,1961,1961,0,0,0,2,10,,,,0,,,,,,,0,,,,0,,RobeCl20
96,Bob Voight,DT,,1961,1961,0,0,0,2,14,,,,0,,,,,,,0,,,,0,,VoigBo20
97,Fred Broussard,C,,1955,1960,0,0,0,0,8,,,,0,,,,,,,0,,,,0,,BrouFr20
98,Larry Baker,T,,1960,1960,0,0,0,1,2,,,,0,,,,,,,0,,,,0,,BakeLa20
99,Henry Bell,HB,,1960,1960,0,0,0,2,10,,,,0,,,,,43.0,238.0,0,68.0,2.0,13.0,0,11.0,BellHe00
100,Phil Bennett,LB,,1960,1960,0,0,0,1,2,,,,0,,,,,,,0,,,,0,,BennPh20
101,Bob Bryant,E,,1960,1960,0,0,0,0,10,,,,0,,,,,,,0,,5.0,43.0,0,17.0,BryaBo00
102,Ken Campbell,E,,1960,1960,0,0,0,0,1,,,,0,,,,,,,0,,,,0,,CampKe20
103,Darrell Harper,HB,,1960,1960,0,0,0,1,4,,,,0,,,,,1.0,3.0,0,3.0,,,0,,HarpDa00
104,Bob Lee,G,,1960,1960,0,0,0,3,8,,,,0,,,,,,,0,,,,0,,LeexBo20
105,Mike Long,E,,1960,1960,0,0,0,0,2,,,,0,,,,,,,0,,2.0,10.0,0,5.0,LongMi00
106,Don McComb,DE,,1960,1960,0,0,0,1,1,,,,0,,,,,,,0,,,,0,,McCoDo20
107,Jim Mooty,DB,,1960,1960,0,0,0,2,7,,,,0,,,,,,,0,,,,0,,MootJi20
108,Harvey White,QB,,1960,1960,0,0,0,0,9,3.0,7.0,44.0,0,23.0,0.0,,,5.0,7.0,0,5.0,2.0,24.0,0,13.0,WhitHa00
109,Hall Whitley,LB,,1960,1960,0,0,0,2,4,,,,0,,,,,,,0,,,,0,,WhitHa20
110,Duane Wardlow,DE,,1954,1956,0,0,2,0,21,,,,0,,,,,,,0,,,,0,,WardDu20
111,Ernie Smith,DB,,1955,1956,0,0,0,0,4,,,,0,,,,,,,0,,,,0,,SmitEr24
112,Ron Miller,E,,1956,1956,0,0,0,0,7,,,,0,,,,,,,0,,11.0,129.0,0,21.0,MillRo20
113,Eddie Carr,DB,,1947,1949,0,0,0,0,30,,,,0,,,,,44.0,283.0,3,,14.0,246.0,3,,CarrEd20
114,Bill Erickson,G,,1948,1949,0,0,0,0,15,,,,0,,,,,,,0,,,,0,,EricBi20
115,Amos Harris,G,,1947,1948,0,0,0,0,28,,,,0,,,,,,,0,,,,0,,HarrAm20
116,Earle Parsons,HB,,1946,1947,0,0,0,0,21,,,,0,,,,,107.0,487.0,2,,17.0,215.0,2,,ParsEa20
117,Jack Sommers,C,,1947,1947,0,0,0,0,8,,,,0,,,,,,,0,,,,0,,SommJa20
118,Bill Montgomery,HB,,1946,1946,0,0,0,0,3,,,,0,,,,,8.0,11.0,0,6.0,,,0,,MontBi21
119,Bill Remington,C,,1946,1946,0,0,0,0,9,,,,0,,,,,,,0,,,,0,,RemiBi20
120,Hal Blackwell,HB,,1945,1945,0,0,0,0,2,,,,0,,,,,,,0,,,,0,,BlacHa21
121,John Smith,T,,1945,1945,0,0,0,0,1,,,,0,,,,,,,0,,,,0,,SmitJo22
122,Bill Armstrong,G,,1943,1943,0,0,0,0,4,,,,0,,,,,,,0,,,,0,,ArmsBi20
123,George Smith,FB,,1943,1943,0,0,0,0,3,,,,0,,,,,4.0,12.0,0,4.0,1.0,18.0,0,18.0,SmitGe21
124,John Cole,FB,,1938,1940,0,0,0,0,18,,,,0,,,,,27.0,79.0,0,4.0,4.0,20.0,0,,ColeJo20
125,Jim Austin,E,,1937,1939,0,0,1,0,28,,,,0,,,,,,,0,,32.0,467.0,1,,AustJi20
126,Stan Galazin,C,,1937,1939,0,1,0,0,9,,,,0,,,,,,,0,,,,0,,GalaSt20
127,Ben Friend,T,,1939,1939,0,0,0,0,10,,,,0,,,,,,,0,,,,0,,FrieBe21
128,Bill May,BB,,1937,1938,0,0,0,0,10,,,,0,,,,,4.0,16.0,0,,1.0,16.0,0,16.0,MayxBi20
129,Bob Douglas,FB,,1938,1938,0,0,0,0,2,,,,0,,,,,4.0,10.0,0,,,,0,,DougBo21
130,Jack May,C,,1938,1938,0,0,0,0,9,,,,0,,,,,,,0,,,,0,,MayxJa20
131,Charlie Knox,B,,1937,1937,0,0,0,0,1,,,,0,,,,,,,0,,,,0,,KnoxCh20
132,Charlie Payne,WB,,1937,1937,0,0,0,0,1,,,,0,,,,,,,0,,,,0,,PaynCh20
133,Bob Allman,E,,1936,1936,0,0,0,0,1,,,,0,,,,,,,0,,,,0,,AllmBo20
134,Don Jackson,TB,,1936,1936,0,0,0,0,10,7.0,35.0,80.0,0,,11.0,,,46.0,76.0,0,,,,0,,JackDo20
135,Dustin McDonald,G,,1935,1935,0,0,0,0,1,,,,0,,,,,,,0,,,,0,,McDoDu20
136,John Lipski,C,,1933,1934,0,0,2,0,18,,,,0,,,,,,,0,,,,0,,LipsJo20
137,Blake Workman,BB,,1933,1934,0,0,1,0,7,0.0,6.0,0.0,0,0.0,0.0,,,7.0,11.0,0,,2.0,19.0,0,,WorkBl20
138,Doc Cronkhite,E,,1934,1934,0,0,0,0,6,,,,0,,,,,,,0,,1.0,3.0,0,3.0,CronDo20
139,Bill Lewis,BB,,1934,1934,0,0,0,0,2,,,,0,,,,,3.0,-4.0,0,0.0,,,0,,LewiBi20
140,Cliff Moore,WB,,1934,1934,0,0,0,0,1,,,,0,,,,,,,0,,,,0,,MoorCl20
141,Phil Peterson,E,,1934,1934,0,0,0,0,3,,,,0,,,,,,,0,,,,0,,PetePh20
142,Bill Potts,HB,,1934,1934,0,0,0,0,1,,,,0,,,,,,,0,,,,0,,PottBi20
143,Jake Williams,T,,1929,1933,0,0,3,0,44,,,,0,,,,,,,0,,1.0,15.0,0,15.0,WillJa20
144,George Shaffer,BB,,1933,1933,0,0,1,0,5,,,,0,,,,,5.0,6.0,0,,1.0,11.0,0,11.0,ShafGe20
145,Bud Toscani,WB,,1932,1932,0,0,0,0,8,,,,0,,,,,24.0,80.0,0,,1.0,12.0,0,12.0,ToscBu20
146,Stu Wilson,E,,1932,1932,0,0,1,0,11,1.0,7.0,18.0,0,18.0,1.0,,,7.0,-9.0,0,0.0,1.0,11.0,1,11.0,WilsSt23
147,Alec Sofish,G,,1931,1931,0,0,1,0,11,,,,0,,,,,,,0,,,,0,,SofiAl20
148,Drip Wilson,C,,1931,1931,0,0,0,0,1,,,,0,,,,,,,0,,,,0,,WilsDr20
149,Mal Bleecker,G,,1930,1930,0,0,0,0,3,,,,0,,,,,,,0,,,,0,,BleeMa20
150,Phil Brennan,E,,1930,1930,0,0,0,0,1,,,,0,,,,,,,0,,,,0,,BrenPh20
151,Paul Liston,G,,1930,1930,0,0,0,0,1,,,,0,,,,,,,0,,,,0,,ListPa20
152,Sam Sebo,FB,,1930,1930,0,0,0,0,2,,,,0,,,,,,,0,,,,0,,SeboSa20
153,Johnny Shultz,WB,,1930,1930,0,0,0,0,6,,,,1,,,,,,,0,,,,0,,ShulJo20
154,Don Smith,G,,1930,1930,0,0,0,0,2,,,,0,,,,,,,0,,,,0,,SmitDo20
155,Hal Truesdell,T,,1930,1930,0,0,0,0,1,,,,0,,,,,,,0,,,,0,,TrueHa20
156,Bill Wexler,C,,1930,1930,0,0,0,0,1,,,,0,,,,,,,0,,,,0,,WexlBi20
157,Jack Underwood,E,,1924,1929,0,0,4,0,33,,,,0,,,,,,,0,,0.0,0.0,2,0.0,UndeJa20
158,Ulysses Comier,FB,,1929,1929,0,0,0,0,3,,,,0,,,,,,,0,,,,0,,ComiUl20
159,Walt Godwin,G,,1929,1929,0,0,1,0,9,,,,0,,,,,,,0,,,,0,,GodwWa20
160,Art Peed,T,,1929,1929,0,0,0,0,1,,,,0,,,,,,,0,,,,0,,PeedAr20
161,Joe McLain,T,,1928,1928,0,0,0,0,7,,,,0,,,,,,,0,,,,0,,McClJo20
162,Rat Watson,B,,1922,1927,0,0,1,0,20,,,,2,,,,,0.0,0.0,1,0.0,,,0,,WatsRa20
163,Bill Donohoe,B,,1927,1927,0,0,0,0,8,,,,0,,,,,0.0,0.0,1,0.0,0.0,0.0,1,0.0,DonoBi20
164,Shanley,T,,1927,1927,0,0,0,0,1,,,,0,,,,,,,0,,,,0,,Shanxx20
165,Tim Waldron,G,,1927,1927,0,0,1,0,4,,,,0,,,,,,,0,,,,0,,WaldTi20
166,John McDonald,T,,1921,1926,0,0,0,0,3,,,,0,,,,,,,0,,,,0,,McDoJo20
167,John Conley,T,,1922,1926,0,0,0,0,10,,,,0,,,,,,,0,,,,0,,ConlJo20
168,Dick Hudson,B,,1923,1926,0,0,1,0,8,,,,0,,,,,,,0,,,,0,,HudsDi20
169,Oke Carlson,T,,1924,1926,0,0,2,0,18,,,,0,,,,,,,0,,,,0,,CarlOk20
170,Lou Feist,E,,1924,1926,0,0,2,0,22,,,,0,,,,,,,0,,,,0,,FeisLo20
171,Jim Bertoglio,FB,,1926,1926,0,0,1,0,7,,,,0,,,,,0.0,0.0,1,0.0,,,0,,BertJi20
172,Bob Books,FB,,1926,1926,0,0,0,0,4,,,,0,,,,,,,0,,,,0,,BookBo20
173,Ray Bush,E,,1926,1926,0,0,1,0,4,,,,0,,,,,,,0,,,,0,,BushRa20
174,Ralph Chase,T,,1926,1926,0,0,0,0,5,,,,0,,,,,,,0,,,,0,,ChasRa20
175,Jack Donahue,G,,1926,1926,0,0,1,0,13,,,,0,,,,,,,0,,,,0,,DonaJa20
176,Steve Douglas,G,,1926,1926,0,0,0,0,2,,,,0,,,,,,,0,,,,0,,DougSt20
177,Len Johnson,BB,,1926,1926,0,0,0,0,1,,,,0,,,,,,,0,,,,0,,JohnLe20
178,Jack McKetes,BB,,1926,1926,0,0,0,0,1,,,,0,,,,,,,0,,,,0,,McKeJa21
179,Ralph Nairn,E,,1926,1926,0,0,0,0,3,,,,0,,,,,,,0,,,,0,,NairRa20
180,Omensky,G,,1926,1926,0,0,0,0,1,,,,0,,,,,,,0,,,,0,,Omenxx20
181,Lou Reichel,C,,1926,1926,0,0,1,0,7,,,,0,,,,,,,0,,,,0,,ReicLo20
182,Gerry Sherry,FB,,1926,1926,0,0,0,0,1,,,,0,,,,,,,0,,,,0,,SherGe20
183,Ellery White,WB,,1926,1926,0,0,1,0,8,,,,0,,,,,,,0,,,,0,,WhitEl20
184,Marty Norton,B,,1922,1925,0,0,2,0,19,,,,0,,,,,0.0,0.0,5,0.0,0.0,0.0,4,0.0,NortMa20
185,George Thompson,G,,1923,1925,0,0,3,0,27,,,,0,,,,,,,0,,,,0,,ThomGe21
186,Bill Ryan,T,,1924,1925,0,0,0,0,3,,,,0,,,,,,,0,,,,0,,RyanBi20
187,Ben Barber,T,,1925,1925,0,0,0,0,9,,,,0,,,,,,,0,,,,0,,BarbBe20
188,Jake Kaufman,T,,1925,1925,0,0,0,0,1,,,,0,,,,,,,0,,,,0,,KaufJa20
189,Jimmy Kennedy,FB,,1925,1925,0,0,0,0,1,,,,0,,,,,,,0,,,,0,,KennJi20
190,Mike Koziak,G,,1925,1925,0,0,0,0,1,,,,0,,,,,,,0,,,,0,,KoziMi20
191,Tom Long,G,,1925,1925,0,0,0,0,7,,,,0,,,,,,,0,,,,0,,LongTo20
192,McDonald,E,,1925,1925,0,0,0,0,4,,,,0,,,,,,,0,,,,0,,McDoxx20
193,Wally O'Neill,E,,1925,1925,0,0,0,0,3,,,,0,,,,,,,0,,,,0,,ONeiWa20
194,Jim Regan,BB,,1925,1925,0,0,0,0,3,,,,0,,,,,,,0,,,,0,,RegaJi20
195,Bill Thompson,C,,1925,1925,0,0,0,0,1,,,,0,,,,,,,0,,,,0,,ThomBi20
196,Dick Egan,E,,1920,1924,0,0,1,0,23,,,,0,,,,,,,0,,,,0,,EganDi20
197,Red O'Connor,E,,1920,1924,0,0,1,0,16,,,,0,,,,,,,0,,,,0,,OConRe20
198,Leo Peyton,WB,,1923,1924,0,0,1,0,6,,,,0,,,,,,,0,,,,0,,PeytLe20
199,Milt Wilson,T,,1923,1924,0,0,0,0,7,,,,0,,,,,,,0,,,,0,,WilsMi24
200,Swede Erickson,E,,1924,1924,0,0,0,0,1,,,,0,,,,,,,0,,,,0,,EricSw20
