Rk,Player,Pos,City,From,To,AP1,PB,St,wAV,G,Cmp,Att,Yds,TD,Lng,Int,Sk,Yds.1,Att.1,Yds.2,TD.1,Lng.1,Rec,Yds.3,TD.2,Lng.2,Player-additional
1,J.J. Jansen,C,Phoenix,2009,2023,0,1,0,21,243,,,,0,,,,,,,0,,,,0,,JansJ.00
2,Cameron Jordan,DE,Chandler,2011,2023,1,8,12,103,209,,,,0,,,,,,,0,,,,0,,JordCa00
3,Andrus Peat,T,Mesa,2015,2023,0,3,6,52,111,,,,0,,,,,,,0,,,,0,,PeatAn00
4,Myles Jack,OLB,Scottsdale,2016,2023,0,0,7,42,106,,,,0,,,,,,,0,,,,0,,JackMy00
5,Blake Martinez,ILB,Tucson,2016,2023,0,0,5,38,85,,,,0,,,,,,,0,,,,0,,MartBl01
6,Wes Schweitzer,T,Scottsdale,2017,2023,0,0,3,27,86,,,,0,,,,,,,0,,,,0,,SchwWe00
7,Isaiah Oliver,CB,Phoenix,2018,2023,0,0,2,15,79,,,,0,,,,,,,0,,,,0,,OlivIs00
8,Kyle Allen,QB,Scottsdale,2018,2023,0,0,1,11,30,441.0,704.0,4734.0,26,53.0,21.0,60.0,487.0,65.0,162.0,4,17.0,,,0,,AlleKy00
9,Mark Andrews,TE,Scottsdale,2018,2023,1,3,1,43,87,,,,0,,,,,5.0,8.0,0,4.0,381.0,4857.0,40,74.0,AndrMa00
10,Christian Kirk,WR,Scottsdale,2018,2023,0,0,5,39,85,2.0,4.0,32.0,0,33.0,0.0,0.0,0.0,22.0,159.0,0,28.0,377.0,4797.0,28,80.0,KirkCh01
11,Levi Wallace,CB,Tucson,2018,2023,0,0,5,26,83,,,,0,,,,,,,0,,,,0,,WallLe00
12,Quinn Bailey,T,Gilbert,2019,2023,0,0,0,3,31,,,,0,,,,,,,0,,,,0,,BailQu00
13,Jake Bailey,P,Phoenix,2019,2023,1,1,1,7,75,,,,0,,,,,,,0,,,,0,,BailJa00
14,Byron Murphy,CB,Scottsdale,2019,2023,0,0,3,23,70,,,,0,,,,,,,0,,,,0,,MurpBy00
15,Demetrius Flannigan-Fowles,DB,Tucson,2020,2023,0,0,0,6,61,,,,0,,,,,,,0,,,,0,,FlanDe00
16,Roy Lopez,DT,Tempe,2021,2023,0,0,2,15,47,,,,0,,,,,,,0,,,,0,,LopeRo00
17,Mitchell Fraboni,LS,Phoenix,2022,2023,0,0,0,1,21,,,,0,,,,,,,0,,,,0,,FrabMi00
18,Isaiah Pola-Mao,S,Phoenix,2022,2023,0,0,0,2,27,,,,0,,,,,,,0,,,,0,,PolaIs00
19,Rashid Shaheed,WR,Phoenix,2022,2023,1,1,0,12,27,,,,0,,,,,11.0,94.0,1,44.0,74.0,1207.0,7,68.0,ShahRa00
20,Jalen Harris,DL,Gilbert,2023,2023,0,0,0,0,5,,,,0,,,,,,,0,,,,0,,HarrJa04
21,Devon Allen,WR,Phoenix,2023,2023,0,0,0,0,2,,,,0,,,,,,,0,,,,0,,AlleDe02
22,Devon Kennard,OLB,Phoenix,2014,2022,0,0,5,33,118,,,,0,,,,,,,0,,,,0,,KennDe00
23,Tyeler Davison,DT,Phoenix,2015,2022,0,0,6,31,111,,,,0,,,,,,,0,,,,0,,DaviTy01
24,Bryce Perkins,QB,Queen Creek,2022,2022,0,0,0,1,5,19.0,34.0,161.0,1,20.0,2.0,6.0,50.0,19.0,90.0,0,23.0,,,0,,PerkBr02
25,Stanley Berryhill,WR,Tucson,2022,2022,0,0,0,0,4,,,,0,,,,,,,0,,,,0,,BerrSt00
26,Ryan Fitzpatrick,QB,Gilbert,2005,2021,0,0,10,78,166,3072.0,5060.0,34990.0,223,98.0,169.0,300.0,1576.0,574.0,2625.0,21,31.0,3.0,-3.0,0,0.0,FitzRy00
27,Everson Griffen,DE,Avondale,2010,2021,0,4,6,67,170,,,,0,,,,,,,0,,,,0,,GrifEv99
28,Kyler Fackrell,OLB,Mesa,2016,2021,0,0,1,16,86,,,,0,,,,,,,0,,,,0,,FackKy00
29,Casey Tucker,,Chandler,2021,2021,0,0,0,0,1,,,,0,,,,,,,0,,,,0,,TuckCa00
30,Azur Kamara,LB,Glendale,2021,2021,0,0,0,1,9,,,,0,,,,,,,0,,,,0,,KamaAz01
31,Hamilcar Rashed Jr.,,Phoenix,2021,2021,0,0,0,0,1,,,,0,,,,,,,0,,,,0,,RashHa00
32,Jeff Cotton,WR,Tucson,2021,2021,0,0,0,0,1,,,,0,,,,,,,0,,,,0,,CottJe00
33,Nick Sundberg,C,Phoenix,2010,2020,0,0,0,7,152,,,,0,,,,,,,0,,,,0,,SundNi00
34,Brooks Reed,DL,Tucson,2011,2020,0,0,6,37,131,,,,0,,,,,,,0,,,,0,,ReedBr00
35,Dion Jordan,DE,Chandler,2013,2020,0,0,0,9,63,,,,0,,,,,,,0,,,,0,,JordDi00
36,Trent Murphy,DE,Scottsdale,2014,2020,0,0,4,33,86,,,,0,,,,,,,0,,,,0,,MurpTr00
37,D.J. Foster,RB,Scottsdale,2016,2020,0,0,0,1,26,,,,0,,,,,15.0,45.0,0,7.0,19.0,142.0,0,20.0,FostD.01
38,Alex Lewis,T,Tempe,2016,2020,0,0,2,14,44,,,,0,,,,,,,0,,,,0,,LewiAl01
39,Alex Barrett,DE,Yuma,2017,2020,0,0,0,1,9,,,,0,,,,,,,0,,,,0,,BarrAl00
40,Cole Luke,CB,Chandler,2019,2020,0,0,0,0,13,,,,0,,,,,,,0,,,,0,,LukeCo00
41,Ryan Finley,QB,Phoenix,2019,2020,0,0,0,2,8,58.0,119.0,638.0,3,47.0,4.0,20.0,156.0,21.0,143.0,1,24.0,,,0,,FinlRy00
42,Prince Amukamara,CB,Glendale,2011,2019,0,0,8,36,113,,,,0,,,,,,,0,,,,0,,AmukPr00
43,Paul Perkins,RB,Mesa,2016,2019,0,0,0,5,29,,,,0,,,,,165.0,575.0,0,22.0,24.0,217.0,0,67.0,PerkPa00
44,Brett Hundley,QB,Phoenix,2016,2019,0,0,1,5,18,199.0,337.0,1902.0,9,55.0,13.0,31.0,208.0,46.0,309.0,2,24.0,1.0,10.0,0,10.0,HundBr00
45,Donovan Olumba,CB,Tucson,2019,2019,0,0,0,0,1,,,,0,,,,,,,0,,,,0,,OlumDo00
46,Markus Wheaton,WR,Chandler,2013,2018,0,0,2,13,59,,,,0,,,,,4.0,19.0,0,12.0,110.0,1559.0,8,72.0,WheaMa00
47,Christian Westerman,G,Chandler,2017,2018,0,0,0,2,16,,,,0,,,,,,,0,,,,0,,WestCh02
48,Marquis Bundy,WR,Phoenix,2017,2017,0,0,0,0,1,,,,0,,,,,,,0,,0.0,0.0,0,0.0,BundMa00
49,Ka'Deem Carey,RB,Tucson,2014,2016,0,0,0,3,37,,,,0,,,,,111.0,443.0,2,24.0,13.0,131.0,1,18.0,CareKa00
50,Cody Wichmann,G,Tucson,2015,2016,0,0,2,6,24,,,,0,,,,,,,0,,,,0,,WichCo00
51,Braedon Bowman,TE,Mesa,2016,2016,0,0,0,0,3,,,,0,,,,,,,0,,0.0,0.0,0,0.0,BowmBr00
52,Billy Cundiff,K,Phoenix,2002,2015,1,1,0,14,136,,,,0,,,,,,,0,,,,0,,cundibil01
53,Lyle Sendlein,C,Scottsdale,2007,2015,0,0,8,48,136,,,,0,,,,,,,0,,,,0,,SendLy20
54,Richie Brockel,TE,Phoenix,2011,2015,0,0,0,0,49,,,,0,,,,,4.0,13.0,1,7.0,4.0,25.0,0,12.0,BrocRi00
55,Jalil Brown,DB,Phoenix,2011,2015,0,0,0,4,47,,,,0,,,,,,,0,,,,0,,BrowJa00
56,Andrew Turzilli,WR,Mesa,2015,2015,0,0,0,0,3,,,,0,,,,,,,0,,2.0,25.0,0,18.0,TurzAn00
57,Sean Renfree,QB,Scottsdale,2015,2015,0,0,0,0,2,3.0,7.0,11.0,0,11.0,1.0,2.0,17.0,1.0,-4.0,0,-4.0,,,0,,RenfSe00
58,Zach Miller,TE,Tempe,2007,2014,0,1,7,28,110,,,,0,,,,,,,0,,328.0,3804.0,20,86.0,MillZa01
59,Mike Pollak,C,Scottsdale,2008,2014,0,0,2,26,81,,,,0,,,,,,,0,,,,0,,PollMi20
60,Dontay Moch,DL,Chandler,2012,2014,0,0,0,0,8,,,,0,,,,,,,0,,,,0,,MochDo00
61,Shelley Smith,G,Phoenix,2012,2014,0,0,0,7,36,,,,0,,,,,,,0,,,,0,,SmitSh22
62,Spencer Larsen,FB,Mesa,2008,2013,0,0,1,5,63,,,,0,,,,,17.0,62.0,0,14.0,14.0,127.0,1,29.0,LarsSp99
63,Robert James,LB,Phoenix,2009,2013,0,0,0,1,19,,,,0,,,,,,,0,,,,0,,JameRo99
64,Nate Potter,T,Phoenix,2012,2013,0,0,0,3,21,,,,0,,,,,,,0,,,,0,,PottNa00
65,Zach Minter,DT,Glendale,2013,2013,0,0,0,0,2,,,,0,,,,,,,0,,,,0,,MintZa00
66,Keelan Johnson,SS,Mesa,2013,2013,0,0,0,0,2,,,,0,,,,,,,0,,,,0,,JohnKe03
67,Deveron Carr,CB,Phoenix,2013,2013,0,0,0,0,9,,,,0,,,,,,,0,,,,0,,CarrDe01
68,Brian Jennings,TE,Mesa,2000,2012,0,2,0,0,208,,,,0,,,,,,,0,,0.0,0.0,0,0.0,JennBr00
69,Todd Heap,TE,Mesa,2001,2012,0,2,8,43,145,0.0,1.0,0.0,0,0.0,0.0,0.0,0.0,8.0,61.0,0,15.0,499.0,5869.0,42,65.0,HeapTo00
70,Nick Harris,P,Phoenix,2001,2012,0,0,0,18,183,0.0,1.0,0.0,0,0.0,0.0,0.0,0.0,2.0,-7.0,0,0.0,,,0,,HarrNi20
71,Eric Hagg,DB,Peoria,2011,2012,0,0,0,3,22,,,,0,,,,,,,0,,,,0,,HaggEr00
72,Michael Smith,RB,Tucson,2012,2012,0,0,0,0,1,,,,0,,,,,,,0,,,,0,,SmitMi01
73,Na'il Diggs,LB,Phoenix,2000,2011,0,0,10,55,170,,,,0,,,,,,,0,,,,0,,DiggNa20
74,Kyle Kosier,G,Peoria,2002,2011,0,0,8,51,143,,,,0,,,,,,,0,,,,0,,KosiKy20
75,Nick Miller,WR,Mesa,2010,2011,0,0,0,1,17,,,,0,,,,,,,0,,4.0,48.0,0,32.0,MillNi00
76,Danny Batten,LB,Gilbert,2011,2011,0,0,0,2,16,,,,0,,,,,,,0,,,,0,,BattDa99
77,Jason Kyle,OLB,Tempe,1995,2010,0,0,0,11,203,,,,0,,,,,,,0,,,,0,,KyleJa20
78,Max Hall,QB,Mesa,2010,2010,0,0,0,1,6,39.0,78.0,370.0,1,26.0,6.0,14.0,90.0,1.0,-5.0,0,-5.0,,,0,,HallMa00
79,Mike Brown,DB,Scottsdale,2000,2009,1,1,7,56,116,,,,0,,,,,,,0,,,,0,,BrowMi99
80,Levi Jones,T,Eloy,2002,2009,0,0,7,42,103,,,,0,,,,,,,0,,0.0,0.0,0,0.0,JoneLe23
81,Shaun McDonald,WR,Phoenix,2003,2009,0,0,1,19,88,,,,0,,,,,11.0,16.0,0,9.0,220.0,2490.0,11,52.0,McDoSh00
82,John Tait,T,Phoenix,1999,2008,0,0,9,51,148,,,,0,,,,,1.0,28.0,0,28.0,0.0,0.0,0,0.0,TaitJo20
83,Marquis Cooper,LB,Mesa,2004,2008,0,0,0,2,42,,,,0,,,,,,,0,,,,0,,CoopMa21
84,Paul Ernster,K,Phoenix,2005,2008,0,0,0,2,22,,,,0,,,,,,,0,,,,0,,ErnsPa20
85,Andrew Walter,QB,Phoenix,2006,2008,0,0,1,1,15,174.0,333.0,1919.0,3,51.0,16.0,51.0,295.0,19.0,49.0,0,13.0,,,0,,WaltAn00
86,Marcus Thomas,RB,Phoenix,2008,2008,0,0,0,0,3,,,,0,,,,,,,0,,,,0,,ThomMa01
87,Raonall Smith,ROLB,Mesa,2003,2007,0,0,0,6,50,,,,0,,,,,,,0,,,,0,,SmitRa20
88,Norm Katnik,C,Tucson,2005,2006,0,0,0,1,4,,,,0,,,,,,,0,,,,0,,KatnNo20
89,Steve Bush,TE,Paradise Valley,1997,2005,0,0,2,3,118,,,,0,,,,,,,0,,51.0,385.0,3,18.0,BushSt00
90,Terry Fair,DB,Phoenix,1998,2005,0,0,4,21,60,,,,0,,,,,,,0,,,,0,,FairTe20
91,Eric Johnson,DB,Phoenix,2000,2005,0,0,0,6,74,,,,0,,,,,,,0,,,,0,,JohnEr21
92,Joe Maese,C,Morenci,2001,2005,0,0,0,7,65,,,,0,,,,,,,0,,,,0,,MaesJo20
93,Rashad Bauman,DB,Tempe,2002,2005,0,0,0,3,43,,,,0,,,,,,,0,,,,0,,BaumRa20
94,Rodney Peete,QB,Mesa,1989,2004,0,0,7,46,104,1344.0,2346.0,16338.0,76,93.0,92.0,244.0,1372.0,270.0,1139.0,16,37.0,,,0,,PeetRo00
95,Stephen Trejo,FB,Mesa,2001,2004,0,0,0,0,59,,,,0,,,,,1.0,0.0,0,0.0,12.0,113.0,0,20.0,TrejSt00
96,Ray Perryman,DB,Phoenix,2002,2004,0,0,0,0,10,,,,0,,,,,,,0,,,,0,,PerrRa21
97,Kevin Thomas,DB,Phoenix,2002,2004,0,0,0,5,38,,,,0,,,,,,,0,,1.0,24.0,0,24.0,ThomKe22
98,Jason Shivers,DB,Phoenix,2004,2004,0,0,0,0,1,,,,0,,,,,,,0,,,,0,,ShivJa20
99,Darren Woodson,DB,Phoenix,1992,2003,3,5,11,81,178,,,,0,,,,,,,0,,,,0,,WoodDa01
100,Frank Garcia,C,Phoenix,1995,2003,0,0,5,39,125,,,,0,,,,,,,0,,,,0,,GarcFr21
101,Travis Brown,QB,Phoenix,2000,2003,0,0,0,1,4,29.0,52.0,361.0,1,34.0,3.0,2.0,9.0,2.0,15.0,0,10.0,,,0,,BrowTr01
102,Trung Canidate,RB,Phoenix,2000,2003,0,0,1,11,46,,,,0,,,,,240.0,1095.0,7,45.0,32.0,260.0,1,29.0,CaniTr00
103,Brendan Stai,G,Phoenix,1995,2002,0,0,7,38,105,,,,0,,,,,,,0,,,,0,,StaiBr20
104,Marcus Bell,LB,St. Johns,2000,2002,0,0,1,7,45,,,,0,,,,,,,0,,,,0,,BellMa21
105,Julian Jones,DB,Phoenix,2002,2002,0,0,0,0,2,,,,0,,,,,,,0,,,,0,,JoneJu20
106,Dale Hellestrae,T,Phoenix,1985,2001,0,0,0,10,205,,,,0,,,,,,,0,,,,0,,HellDa20
107,Randall McDaniel,G,Phoenix,1988,2001,7,12,14,129,222,,,,0,,,,,2.0,1.0,0,1.0,1.0,2.0,1,2.0,McDaRa00
108,Marty Moore,MLB,Phoenix,1994,2001,0,0,1,13,112,,,,0,,,,,,,0,,,,0,,MoorMa23
109,Sean Harris,RLB,Tucson,1995,2001,0,0,3,20,83,,,,0,,,,,,,0,,,,0,,HarrSe20
110,Shawn Swayda,DE,Phoenix,1998,2001,0,0,0,2,35,,,,0,,,,,,,0,,,,0,,SwaySh20
111,Rich Griffith,TE,Tucson,1993,2000,0,0,1,2,90,,,,0,,,,,,,0,,21.0,296.0,0,39.0,GrifRi00
112,Lennox Gordon,RB,Higley,1999,2000,0,0,0,0,17,,,,0,,,,,15.0,51.0,0,13.0,,,0,,GordLe00
113,Paul Shields,RB,Mesa,1999,2000,0,0,0,0,20,,,,0,,,,,,,0,,4.0,37.0,0,21.0,ShiePa00
114,Jeff Paulk,FB,Phoenix,1999,2000,0,0,0,0,2,,,,0,,,,,,,0,,,,0,,PaulJe20
115,Toby Wright,DB,Phoenix,1994,1999,0,0,3,17,59,,,,0,,,,,1.0,9.0,0,9.0,,,0,,WrigTo20
116,Mike Scurlock,DB,Tucson,1995,1999,0,0,0,5,65,,,,0,,,,,,,0,,,,0,,ScurMi20
117,Kenny Wheaton,DB,Phoenix,1997,1999,0,0,0,2,22,,,,0,,,,,,,0,,,,0,,WheaKe20
118,Dustin Johnson,FB,Eagar,1999,1999,0,0,0,0,1,,,,0,,,,,,,0,,,,0,,JohnDu20
119,Danny Villa,T,Nogales,1987,1998,0,0,6,32,157,,,,0,,,,,,,0,,,,0,,VillDa20
120,Cole Ford,K,Tucson,1995,1998,0,0,0,4,38,,,,0,,,,,,,0,,,,0,,fordxcol01
121,Anthony Edwards,WR,Casa Grande,1989,1997,0,0,0,11,106,,,,0,,,,,1.0,-8.0,0,0.0,107.0,1478.0,5,66.0,EdwaAn00
122,Kevin Miniefield,DB,Phoenix,1993,1997,0,0,0,8,51,,,,0,,,,,,,0,,,,0,,MiniKe20
123,Damon Pieri,DB,Phoenix,1993,1997,0,0,0,3,37,,,,0,,,,,,,0,,,,0,,PierDa20
124,Armon Williams,DB,Chandler,1997,1997,0,0,0,0,6,,,,0,,,,,,,0,,,,0,,WillAr20
125,Scott Miller,WR,Phoenix,1991,1996,0,0,0,3,55,,,,0,,,,,,,0,,21.0,274.0,1,27.0,MillSc00
126,Darryl Morrison,DB,Phoenix,1993,1996,0,0,2,12,48,,,,0,,,,,,,0,,,,0,,MorrDa20
127,Derek Price,TE,Tempe,1996,1996,0,0,0,0,13,,,,0,,,,,,,0,,1.0,14.0,0,14.0,PricDe21
128,Bart Oates,C,Mesa,1985,1995,0,5,11,82,172,,,,0,,,,,,,0,,,,0,,OateBa00
129,Ron Hall,TE,Fort Huachuca,1987,1995,0,0,7,18,119,,,,0,,,,,,,0,,230.0,2609.0,10,54.0,HallRo00
130,Eric Thomas,DB,Tucson,1987,1995,0,1,5,35,111,,,,0,,,,,,,0,,,,0,,ThomEr01
131,Eddie Cade,DB,Casa Grande,1995,1995,0,0,0,1,10,,,,0,,,,,,,0,,,,0,,CadeEd20
132,Steve McLaughlin,K,Tucson,1995,1995,0,0,0,-1,8,,,,0,,,,,,,0,,,,0,,mclauste01
133,Steve Jordan,TE,Phoenix,1982,1994,0,6,10,48,176,,,,0,,,,,1.0,4.0,1,4.0,498.0,6307.0,28,68.0,JordSt00
134,Brian Davis,DB,Phoenix,1987,1994,0,0,1,15,87,,,,0,,,,,,,0,,,,0,,DaviBr21
135,Byron Evans,LB,Phoenix,1987,1994,0,0,6,45,113,,,,0,,,,,,,0,,,,0,,EvanBy20
136,Kurt Haws,TE,Mesa,1994,1994,0,0,0,0,6,,,,0,,,,,,,0,,,,0,,HawsKu20
137,Mike Pagel,QB,Douglas,1982,1993,0,0,4,29,132,756.0,1509.0,9414.0,49,80.0,63.0,115.0,837.0,136.0,831.0,4,33.0,1.0,6.0,0,6.0,PageMi00
138,Kevin Scott,DB,Phoenix,1991,1993,0,0,1,8,44,,,,0,,,,,,,0,,,,0,,ScotKe21
139,Damon Mays,WR,Phoenix,1992,1993,0,0,0,0,2,,,,0,,,,,,,0,,,,0,,MaysDa20
140,Randy Robbins,DB,Casa Grande,1984,1992,0,0,2,24,131,,,,0,,,,,,,0,,,,0,,RobbRa20
141,Manny Hendrix,DB,Phoenix,1986,1991,0,0,1,12,89,,,,0,,,,,,,0,,,,0,,HendMa20
142,Warren Wheat,G,Phoenix,1989,1991,0,0,1,3,16,,,,0,,,,,,,0,,,,0,,WheaWa20
143,Pete Mandley,WR,Phoenix,1984,1990,0,0,3,21,92,,,,0,,,,,9.0,48.0,1,21.0,172.0,2370.0,12,56.0,MandPe00
144,Vance Mueller,RB,Tucson,1986,1990,0,0,0,7,73,,,,0,,,,,128.0,469.0,3,35.0,40.0,452.0,2,29.0,MuelVa00
145,Joe Campbell,DE,Chandler,1988,1989,0,0,0,2,25,,,,0,,,,,,,0,,,,0,,CampJo22
146,James Primus,RB,Yuma,1988,1989,0,0,0,1,21,,,,0,,,,,35.0,95.0,1,29.0,8.0,42.0,0,8.0,PrimJa00
147,Willard Reaves,RB,Flagstaff,1989,1989,0,0,0,0,3,,,,0,,,,,1.0,-1.0,0,0.0,,,0,,ReavWi20
148,Dana Wells,NT,Phoenix,1989,1989,0,0,0,0,1,,,,0,,,,,,,0,,,,0,,WellDa20
149,Danny White,QB,Mesa,1976,1988,0,1,6,86,166,1761.0,2950.0,21959.0,155,80.0,132.0,241.0,2083.0,159.0,482.0,8,48.0,3.0,18.0,2,15.0,WhitDa01
150,Terry Wright,DB,Phoenix,1987,1988,0,0,0,3,21,,,,0,,,,,,,0,,,,0,,WrigTe21
151,Kevin Thomas,C,Tucson,1988,1988,0,0,0,1,10,,,,0,,,,,,,0,,,,0,,ThomKe21
152,Frank Garcia,P,Tucson,1981,1987,0,0,0,10,77,0.0,1.0,0.0,0,0.0,0.0,0.0,0.0,1.0,-11.0,0,0.0,,,0,,GarcFr20
153,Alvin Moore,RB,Randolph,1983,1987,0,0,0,6,58,0.0,2.0,0.0,0,0.0,0.0,0.0,0.0,197.0,641.0,7,18.0,42.0,291.0,1,16.0,MoorAl00
154,Sam Merriman,OLB,Tucson,1983,1987,0,0,0,6,71,,,,0,,,,,,,0,,,,0,,MerrSa20
155,Todd Shell,LOLB,Mesa,1984,1987,0,0,1,12,38,,,,0,,,,,,,0,,,,0,,ShelTo20
156,Jeff Colter,DB,Tucson,1984,1987,0,0,0,1,17,,,,0,,,,,,,0,,,,0,,ColtJe20
157,Tom Briehl,LB,Phoenix,1985,1987,0,0,0,2,19,,,,0,,,,,,,0,,,,0,,BrieTo20
158,Jeff Kiewel,G,Tucson,1985,1987,0,0,1,5,28,,,,0,,,,,,,0,,,,0,,KiewJe20
159,Mike Hold,QB,Phoenix,1987,1987,0,0,0,1,2,8.0,24.0,123.0,2,61.0,1.0,3.0,18.0,7.0,69.0,0,35.0,,,0,,HoldMi20
160,Mike Rusinek,NT,Phoenix,1987,1987,0,0,0,2,3,,,,0,,,,,,,0,,,,0,,RusiMi20
161,Jim Warne,T,Phoenix,1987,1987,0,0,0,2,3,,,,0,,,,,,,0,,,,0,,WarnJi20
162,David Adams,RB,Tucson,1987,1987,0,0,0,0,3,,,,0,,,,,7.0,49.0,1,27.0,1.0,8.0,0,8.0,AdamDa20
163,George Duarte,DB,Tucson,1987,1987,0,0,0,0,3,,,,0,,,,,,,0,,,,0,,DuarGe20
164,Tim Smith,WR,Tucson,1980,1986,0,0,3,23,90,,,,0,,,,,2.0,16.0,0,9.0,206.0,3107.0,12,75.0,SmitTi01
165,Gary Hayes,DB,Tucson,1984,1986,0,0,0,3,42,,,,0,,,,,,,0,,,,0,,HayeGa20
166,Mossy Cade,DB,Eloy,1985,1986,0,0,1,8,30,,,,0,,,,,,,0,,,,0,,CadeMo20
167,Kyle Morrell,DB,Scottsdale,1986,1986,0,0,0,1,5,,,,0,,,,,,,0,,,,0,,MorrKy20
168,Bob Kohrs,DE,Phoenix,1981,1985,0,0,0,8,55,,,,0,,,,,,,0,,,,0,,KohrBo20
169,Brad Anderson,WR,Glendale,1984,1985,0,0,0,1,27,,,,0,,,,,,,0,,4.0,83.0,1,49.0,AndeBr20
170,Andre Tyler,WR,Tucson,1983,1983,0,0,0,1,14,,,,0,,,,,,,0,,6.0,77.0,0,21.0,TyleAn20
171,Curley Culp,DT,Yuma,1968,1981,1,6,11,80,179,,,,0,,,,,,,0,,,,0,,CulpCu00
172,Ron Jessie,WR,Yuma,1971,1981,0,1,6,47,138,0.0,1.0,0.0,0,0.0,0.0,0.0,0.0,19.0,91.0,2,22.0,265.0,4278.0,26,84.0,JessRo00
173,Brad Oates,T,Mesa,1976,1981,0,0,1,14,67,,,,0,,,,,,,0,,,,0,,OateBr20
174,Stan Sytsma,LB,Glendale,1980,1980,0,0,0,0,2,,,,0,,,,,,,0,,,,0,,SytsSt20
175,Donnie Hickman,G,Flagstaff,1978,1978,0,0,0,3,10,,,,0,,,,,,,0,,,,0,,HickDo20
176,Dave Farmer,RB,Phoenix,1978,1978,0,0,0,0,3,,,,0,,,,,,,0,,,,0,,FarmDa20
177,Fred Carr,LB,Phoenix,1968,1977,0,3,8,60,140,,,,0,,,,,,,0,,,,0,,CarrFr00
178,Mitch Hoopes,P,Bisbee,1975,1977,0,0,0,3,25,1.0,3.0,21.0,0,21.0,0.0,0.0,0.0,3.0,23.0,0,13.0,,,0,,HoopMi20
179,Bill Lueck,G,Buckeye,1968,1975,0,0,7,33,101,,,,0,,,,,,,0,,,,0,,LuecBi20
180,Jim McCann,P,Phoenix,1971,1975,0,0,0,1,31,,,,0,,,,,2.0,-15.0,0,0.0,,,0,,McCaJi21
181,Greg Boyd,DB,Scottsdale,1973,1974,0,0,0,3,6,,,,0,,,,,,,0,,,,0,,BoydGr21
182,Bob Crum,DE,Mesa,1974,1974,0,0,0,3,14,,,,0,,,,,,,0,,,,0,,CrumBo20
183,Paul Robinson,RB,Tucson,1968,1973,1,2,5,30,79,,,,0,,,,,737.0,2947.0,24,87.0,90.0,612.0,2,68.0,RobiPa00
184,Carl Johnson,T,Phoenix,1972,1973,0,0,2,7,28,,,,0,,,,,,,0,,,,0,,JohnCa20
185,Larry Willis,DB,Phoenix,1973,1973,0,0,0,0,1,,,,0,,,,,,,0,,,,0,,WillLa23
186,Calvin Demery,WR,Phoenix,1972,1972,0,0,0,0,5,,,,0,,,,,,,0,,,,0,,DemeCa20
187,Sonny Campbell,RB,Marana,1970,1971,0,0,0,3,25,,,,0,,,,,57.0,195.0,2,15.0,10.0,132.0,0,29.0,CampSo00
188,Lynn Larson,T,Phoenix,1971,1971,0,0,0,1,1,,,,0,,,,,,,0,,,,0,,LarsLy20
189,Rex Mirich,DT,Florence,1964,1970,0,0,3,19,83,,,,0,,,,,,,0,,,,0,,MiriRe20
190,Philip Brady,DB,Tempe,1969,1969,0,0,0,1,4,,,,0,,,,,,,0,,,,0,,BradPh20
191,Charley Mitchell,HB,McNary,1963,1968,0,0,2,17,59,0.0,1.0,0.0,0,0.0,0.0,1.0,6.0,353.0,1138.0,5,35.0,62.0,550.0,3,79.0,MitcCh00
192,Floyd Hudlow,DB,Phoenix,1965,1968,0,0,1,6,24,,,,0,,,,,,,0,,,,0,,HudlFl20
193,Amos Marsh,HB,Williams,1961,1967,0,0,5,38,95,0.0,1.0,0.0,0,0.0,0.0,0.0,0.0,750.0,3222.0,25,71.0,133.0,1384.0,7,85.0,MarsAm00
194,Mike Kellogg,FB,Tucson,1966,1967,0,0,0,0,10,,,,0,,,,,6.0,3.0,0,5.0,1.0,5.0,0,5.0,KellMi01
195,Dennis Claridge,QB,Phoenix,1965,1966,0,0,0,2,8,41.0,71.0,484.0,2,62.0,2.0,9.0,77.0,7.0,12.0,0,12.0,,,0,,ClarDe02
196,Gordie Smith,TE,Douglas,1961,1965,0,0,2,14,54,,,,0,,,,,1.0,2.0,0,2.0,57.0,1277.0,13,71.0,SmitGo00
197,Wayne Crow,HB,Coolidge,1960,1963,0,0,1,15,47,8.0,14.0,181.0,0,46.0,1.0,2.0,19.0,235.0,1085.0,3,62.0,30.0,254.0,1,28.0,CrowWa00
198,Ken Adamson,G,Phoenix,1960,1962,1,1,2,16,32,,,,0,,,,,,,0,,,,0,,AdamKe00
199,Alex Bravo,DB,Tucson,1957,1961,0,0,2,13,46,,,,0,,,,,,,0,,,,0,,BravAl20
200,Johnny Pyeatt,DB,Florence,1960,1961,0,0,1,7,17,,,,0,,,,,,,0,,,,0,,PyeaJo20
