Rk,Player,Pos,City,From,To,AP1,PB,St,wAV,G,Cmp,Att,Yds,TD,Lng,Int,Sk,Yds.1,Att.1,Yds.2,TD.1,Lng.1,Rec,Yds.3,TD.2,Lng.2,Player-additional
1,Patrick Ricard,FB,Spencer,2017,2023,0,4,4,14,104,,,,0,,,,,10.0,19.0,0,5.0,45.0,293.0,6,28.0,RicaPa00
2,Isaac Yiadom,CB,Worcester,2018,2023,0,0,2,13,87,,,,0,,,,,,,0,,,,0,,YiadIs00
3,Maurice Hurst Jr.,DT,Westwood,2018,2023,0,0,1,10,55,,,,0,,,,,,,0,,,,0,,HursMa00
4,Zach Triner,LS,Marshfield,2019,2023,0,0,0,5,75,,,,0,,,,,,,0,,,,0,,TrinZa00
5,Christian Wilkins,DL,Framingham,2019,2023,0,0,4,34,81,,,,0,,,,,,,0,,2.0,2.0,2,1.0,WilkCh00
6,Chris Lindstrom,OL,Dudley,2019,2023,0,2,3,33,71,,,,0,,,,,,,0,,,,0,,LindCh00
7,Joe Gaziano,DE,Scituate,2020,2023,0,0,0,1,23,,,,0,,,,,,,0,,,,0,,GaziJo01
8,Sean McKeon,TE,Dudley,2020,2023,0,0,0,0,45,,,,0,,,,,,,0,,6.0,38.0,1,12.0,McKeSe01
9,Pat Freiermuth,TE,Newburyport,2021,2023,0,0,0,13,44,,,,0,,,,,,,0,,155.0,1537.0,11,57.0,FreiPa00
10,Noah Gray,TE,Leominster,2021,2023,0,0,0,6,50,,,,0,,,,,2.0,2.0,1,1.0,63.0,640.0,4,34.0,GrayNo00
11,Ifeatu Melifonwu,CB,Boston,2021,2023,0,0,0,5,34,,,,0,,,,,,,0,,,,0,,MeliIf00
12,Isaiah Likely,TE,Cambridge,2022,2023,0,0,0,8,33,,,,0,,,,,,,0,,66.0,784.0,8,54.0,LikeIs00
13,Benton Whitley,OLB,Springfield,2023,2023,0,0,0,1,4,,,,0,,,,,,,0,,,,0,,WhitBe00
14,Will Levis,QB,Newton,2023,2023,0,0,0,6,9,149.0,255.0,1808.0,8,61.0,4.0,28.0,185.0,25.0,57.0,1,11.0,,,0,,LeviWi00
15,Badara Traore,,Boston,2021,2022,0,0,0,0,2,,,,0,,,,,,,0,,,,0,,TraoBa00
16,Josh Onujiogu,LB,Wareham,2022,2022,0,0,0,0,1,,,,0,,,,,,,0,,,,0,,OnujJo00
17,Larnel Coleman,T,Malden,2022,2022,0,0,0,0,1,,,,0,,,,,,,0,,,,0,,ColeLa03
18,Sam Okuayinonu,DE,Lowell,2022,2022,0,0,0,1,6,,,,0,,,,,,,0,,,,0,,OkuaSa00
19,Blidi Wreh-Wilson,CB,Malden,2013,2021,0,0,1,8,76,,,,0,,,,,,,0,,,,0,,WrehBl00
20,David Steinmetz,T,Grafton,2020,2021,0,0,0,0,4,,,,0,,,,,,,0,,,,0,,SteiDa00
21,Connor Strachan,,Wellesley,2021,2021,0,0,0,0,3,,,,0,,,,,,,0,,,,0,,StraCo00
22,Stephen Hauschka,K,Needham,2008,2020,0,0,0,27,166,,,,0,,,,,,,0,,0.0,0.0,0,0.0,HausSt00
23,Anthony Sherman,RB,North Attleboro,2011,2020,0,1,3,5,153,,,,0,,,,,28.0,73.0,1,9.0,66.0,552.0,4,36.0,SherAn00
24,Phillip Gaines,CB,Concord,2014,2020,0,0,1,10,70,,,,0,,,,,,,0,,,,0,,GainPh00
25,Anthony Fabiano,OL,Wakefield,2016,2020,0,0,0,2,9,,,,0,,,,,,,0,,,,0,,FabiAn00
26,Kiko Alonso,ILB,Newton,2013,2019,0,0,4,33,86,,,,0,,,,,,,0,,,,0,,AlonKi00
27,Richard Jarvis,LB,Watertown,2018,2018,0,0,0,0,1,,,,0,,,,,,,0,,,,0,,JarvRi00
28,Breno Giacomini,G,Malden,2008,2017,0,0,5,36,94,,,,0,,,,,,,0,,,,0,,GiacBr20
29,Jordan Todman,RB,Dartmouth,2012,2017,0,0,0,5,74,,,,0,,,,,124.0,531.0,3,62.0,40.0,314.0,2,30.0,TodmJo00
30,Tyler Catalina,G,Worcester,2017,2017,0,0,0,2,7,,,,0,,,,,,,0,,,,0,,CataTy00
31,Michael Clark,WR,Salem,2017,2017,0,0,0,0,2,,,,0,,,,,,,0,,4.0,41.0,0,19.0,ClarMi00
32,James Ihedigbo,DB,Northampton,2008,2016,0,0,4,24,117,,,,0,,,,,,,0,,,,0,,IhedJa00
33,Matt Hasselbeck,QB,Westwood,1999,2015,0,3,11,87,209,3222.0,5330.0,36638.0,212,87.0,153.0,360.0,2260.0,365.0,1231.0,8,23.0,,,0,,HassMa00
34,Mackenzy Bernadeau,G,Waltham,2009,2015,0,0,2,25,111,,,,0,,,,,,,0,,,,0,,BernMa20
35,Kassim Osgood,WR,Boston,2003,2014,0,3,1,8,179,,,,0,,,,,1.0,4.0,0,4.0,45.0,766.0,5,65.0,OsgoKa00
36,Michael Cox,RB,Boston,2013,2014,0,0,0,0,18,,,,0,,,,,26.0,76.0,0,17.0,5.0,21.0,0,11.0,CoxxMi00
37,Al Louis-Jean,CB,Brockton,2014,2014,0,0,0,0,9,,,,0,,,,,,,0,,,,0,,LouiAl00
38,Chris Gamble,DB,Boston,2004,2012,0,0,8,44,123,,,,0,,,,,,,0,,,,0,,GambCh20
39,Ron Brace,DT,Springfield,2009,2012,0,0,1,6,39,,,,0,,,,,,,0,,,,0,,BracRo99
40,Marc Colombo,T,Bridgewater,2002,2011,0,0,6,42,111,,,,0,,,,,,,0,,,,0,,ColoMa20
41,Jacques Cesaire,DE,Worcester,2003,2011,0,0,3,29,125,,,,0,,,,,,,0,,,,0,,CesaJa20
42,Stephen Cooper,LILB,Wareham,2003,2011,0,0,4,33,125,,,,0,,,,,,,0,,,,0,,CoopSt20
43,Tim Bulman,DT,Milton,2005,2011,0,0,0,6,49,,,,0,,,,,,,0,,,,0,,BulmTi20
44,Todd Collins,QB,Walpole,1995,2010,0,0,1,11,49,391.0,701.0,4547.0,22,95.0,24.0,67.0,447.0,83.0,152.0,0,11.0,,,0,,CollTo00
45,Brian St. Pierre,QB,Salem,2004,2010,0,0,0,0,3,15.0,33.0,185.0,2,88.0,3.0,3.0,23.0,5.0,-1.0,0,2.0,,,0,,St.PBr20
46,Lofa Tatupu,LB,Wrentham,2005,2010,1,3,5,49,84,,,,0,,,,,,,0,,,,0,,TatuLo99
47,Karl Paymah,DB,Boston,2005,2010,0,0,0,6,74,,,,0,,,,,,,0,,,,0,,PaymKa20
48,Sean Morey,WR,Marshfield,1999,2009,0,1,0,1,109,,,,0,,,,,1.0,13.0,0,13.0,11.0,168.0,0,62.0,MoreSe00
49,Josh Thomas,DE,Plymouth,2004,2009,0,0,0,11,70,,,,0,,,,,,,0,,,,0,,ThomJo25
50,Nick Hennessey,T,Salem,2009,2009,0,0,0,0,1,,,,0,,,,,,,0,,,,0,,HennNi20
51,Pete Kendall,G,Quincy,1996,2008,0,0,13,63,189,,,,0,,,,,,,0,,1.0,-9.0,0,0.0,KendPe20
52,Sean McHugh,FB,Springfield,2004,2008,0,0,1,2,40,,,,0,,,,,,,0,,23.0,301.0,0,46.0,McHuSe00
53,Tom Nalen,C,Boston,1994,2007,2,5,11,102,194,,,,0,,,,,,,0,,1.0,-1.0,0,0.0,NaleTo00
54,Keith Adams,MLB,Norwood,2001,2007,0,0,1,14,85,,,,0,,,,,,,0,,,,0,,AdamKe20
55,Eric Johnson,TE,Needham,2001,2007,0,0,5,19,71,,,,0,,,,,,,0,,240.0,2178.0,9,38.0,JohnEr00
56,Tim Hasselbeck,QB,Norfolk,2002,2007,0,0,0,1,12,95.0,177.0,1012.0,5,40.0,7.0,9.0,44.0,18.0,37.0,0,11.0,0.0,0.0,0,0.0,HassTi00
57,P.J. Alexander,G,Springfield,2004,2007,0,0,0,3,20,,,,0,,,,,,,0,,,,0,,AlexP.20
58,Junius Coston,G,Framingham,2005,2007,0,0,0,5,16,,,,0,,,,,,,0,,,,0,,CostJu20
59,Sean Conover,DE,Brockton,2006,2007,0,0,0,1,11,,,,0,,,,,,,0,,,,0,,ConoSe20
60,Jermaine Wiggins,TE,East Boston,2000,2006,0,0,3,18,107,,,,0,,,,,,,0,,236.0,2141.0,14,59.0,WiggJe00
61,Ryan LaCasse,LB,Stoughton,2006,2006,0,0,0,1,12,,,,0,,,,,,,0,,,,0,,LaCaRy20
62,Diamond Ferri,DB,Stoneham,2006,2006,0,0,0,0,3,,,,0,,,,,,,0,,,,0,,FerrDi00
63,Julian Jenkins,DE,Boston,2006,2006,0,0,0,1,12,,,,0,,,,,,,0,,,,0,,JenkJu20
64,Ron Stone,G,Boston,1994,2005,0,3,9,59,173,,,,0,,,,,,,0,,,,0,,StonRo00
65,Greg Jerman,T,Hyannis,2002,2005,0,0,0,3,20,,,,0,,,,,,,0,,,,0,,JermGr20
66,Liam Ezekiel,LB,Arlington,2005,2005,0,0,0,0,2,,,,0,,,,,,,0,,,,0,,EzekLi20
67,Greg Comella,FB,Wellesley,1998,2004,0,0,2,6,88,,,,0,,,,,17.0,66.0,0,16.0,95.0,651.0,1,26.0,ComeGr00
68,Paul Zukauskas,G,Weymouth,2001,2004,0,0,1,9,43,,,,0,,,,,,,0,,,,0,,ZukaPa20
69,Wayne Lucier,G,Amesbury,2003,2004,0,0,1,9,27,,,,0,,,,,,,0,,,,0,,LuciWa20
70,Lamar King,DE,Boston,1999,2003,0,0,3,16,57,,,,0,,,,,,,0,,,,0,,KingLa20
71,Ryan Benjamin,C,Greenfield,2001,2003,0,0,0,3,27,,,,0,,,,,,,0,,,,0,,BenjRy21
72,Jeremy Brigham,TE,Boston,1998,2002,0,0,0,3,47,,,,0,,,,,,,0,,33.0,300.0,3,29.0,BrigJe00
73,Jim Pyne,G,Milford,1995,2001,0,0,5,26,81,,,,0,,,,,,,0,,,,0,,PyneJi20
74,Scott Dragos,FB,Old Rochester,2000,2001,0,0,0,0,15,,,,0,,,,,,,0,,4.0,28.0,0,10.0,DragSc00
75,Joe Todd,LB,Mansfield,2001,2001,0,0,0,0,1,,,,0,,,,,,,0,,,,0,,ToddJo20
76,Phil McGeoghan,WR,Freding Hills,2001,2001,0,0,0,0,2,,,,0,,,,,,,0,,,,0,,McGePh20
77,Chris Sullivan,DE,North Attleboro,1996,2000,0,0,1,14,78,,,,0,,,,,,,0,,,,0,,SullCh20
78,Marc Megna,MLB,Fall River,2000,2000,0,0,0,0,6,,,,0,,,,,,,0,,,,0,,MegnMa20
79,Mark Hartsell,QB,Brockton,2000,2000,0,0,0,0,1,0.0,1.0,0.0,0,0.0,0.0,0.0,0.0,,,0,,,,0,,HartMa20
80,Mark Chmura,TE,Deerfield,1993,1999,0,3,4,22,89,,,,0,,,,,,,0,,188.0,2253.0,17,33.0,ChmuMa00
81,Anthony Prior,DB,Lowell,1993,1998,0,0,0,3,59,,,,0,,,,,,,0,,,,0,,PrioAn20
82,Dana Cottrell,LB,Boston,1998,1998,0,0,0,0,2,,,,0,,,,,,,0,,,,0,,CottDa20
83,Lake Dawson,WR,Boston,1994,1997,0,0,2,12,43,,,,0,,,,,4.0,15.0,0,13.0,103.0,1406.0,10,50.0,DawsLa01
84,Joe Nash,NT,Boston,1982,1996,1,1,12,76,218,,,,0,,,,,,,0,,,,0,,NashJo00
85,Bill Brooks,WR,Boston,1986,1996,0,0,10,57,169,,,,0,,,,,21.0,113.0,0,38.0,583.0,8001.0,46,84.0,BrooBi00
86,Erik Howard,NT,Pittsfield,1986,1996,0,1,5,49,139,,,,0,,,,,,,0,,,,0,,HowaEr00
87,Alundis Brice,DB,Brookhaven,1995,1996,0,0,0,2,24,,,,0,,,,,,,0,,,,0,,BricAl20
88,Rich Miano,DB,Newton,1985,1995,0,0,4,26,135,,,,0,,,,,,,0,,,,0,,MianRi20
89,Tom McHale,G,Boston,1987,1995,0,0,3,19,87,,,,0,,,,,,,0,,,,0,,McHaTo20
90,Joe Sims,T,Sudbury,1991,1995,0,0,1,14,53,,,,0,,,,,,,0,,,,0,,SimsJo20
91,Dan Jones,T,Malden,1993,1995,0,0,0,3,34,,,,0,,,,,,,0,,,,0,,JoneDa21
92,Gordon Laro,TE,Lynn,1995,1995,0,0,0,0,2,,,,0,,,,,,,0,,1.0,6.0,0,6.0,LaroGo20
93,Mark Bavaro,TE,Boston,1985,1994,2,2,8,40,126,,,,0,,,,,,,0,,351.0,4733.0,39,61.0,BavaMa00
94,Dave Cadigan,G,Needham,1988,1994,0,0,5,28,82,,,,0,,,,,,,0,,,,0,,CadiDa20
95,Darin Jordan,OLB,Boston,1988,1994,0,0,0,9,59,,,,0,,,,,,,0,,,,0,,JordDa20
96,David Bavaro,RILB,Danvers,1990,1994,0,0,0,6,42,,,,0,,,,,,,0,,,,0,,BavaDa20
97,Ed Toner,RB,Lynn,1992,1994,0,0,0,0,33,,,,0,,,,,3.0,17.0,0,11.0,1.0,5.0,0,5.0,ToneEd21
98,Rudy Harris,RB,Brockton,1993,1994,0,0,0,1,18,,,,0,,,,,9.0,29.0,0,12.0,6.0,59.0,0,25.0,HarrRu20
99,Howie Long,DE,Somerville,1981,1993,2,8,11,95,179,,,,0,,,,,,,0,,,,0,,LongHo00
100,Ron Hallstrom,G,Holden,1982,1993,0,0,9,50,174,,,,0,,,,,,,0,,,,0,,HallRo20
101,Fred Smerlas,NT,Waltham,1979,1992,1,5,10,83,200,,,,0,,,,,,,0,,,,0,,SmerFr00
102,Steve Trapilo,G,Boston,1987,1992,0,0,3,27,57,,,,0,,,,,,,0,,,,0,,TrapSt20
103,Paul Farren,T,Weymouth,1983,1991,0,0,6,42,132,,,,0,,,,,,,0,,,,0,,FarrPa20
104,John Galvin,OLB,Lowell,1988,1991,0,0,0,4,52,,,,0,,,,,,,0,,,,0,,GalvJo21
105,Bruce McGonnigal,TE,Cambridge,1991,1991,0,0,0,0,2,,,,0,,,,,,,0,,,,0,,McGoBr20
106,Chris Williams,NT,Chelsea,1991,1991,0,0,0,1,15,,,,0,,,,,,,0,,,,0,,WillCh24
107,Darvell Huffman,WR,Boston,1991,1991,0,0,0,0,3,,,,0,,,,,1.0,-8.0,0,-8.0,3.0,14.0,0,7.0,HuffDa20
108,Kenny Gamble,RB,Holyoke,1988,1990,0,0,0,0,19,,,,0,,,,,6.0,24.0,1,20.0,3.0,-5.0,0,6.0,GambKe00
109,Steve Strachan,RB,Everett,1985,1989,0,0,0,1,63,,,,0,,,,,52.0,174.0,0,20.0,7.0,61.0,1,14.0,StraSt00
110,Bob White,C,Fitchburg,1987,1989,0,0,0,5,24,,,,0,,,,,,,0,,,,0,,WhitBo21
111,Dave Harbour,C,Boston,1988,1989,0,0,0,2,31,,,,0,,,,,,,0,,,,0,,HarbDa20
112,Jim Rourke,T,Weymouth,1980,1988,0,0,1,14,77,,,,0,,,,,,,0,,,,0,,RourJi20
113,Ron Wooten,G,Bourne,1982,1988,0,0,7,37,98,,,,0,,,,,,,0,,,,0,,WootRo20
114,Mark MacDonald,G,West Roxbury,1985,1988,0,0,0,5,44,,,,0,,,,,,,0,,,,0,,MacDMa20
115,Glenn Hyde,T,Boston,1976,1987,0,0,0,17,115,,,,0,,,,,,,0,,,,0,,HydeGl20
116,Will Grant,C,Milton,1978,1987,0,0,6,41,129,,,,0,,,,,,,0,,,,0,,GranWi20
117,Steve Doig,LB,Melrose,1982,1987,0,0,0,5,40,,,,0,,,,,,,0,,,,0,,DoigSt20
118,Chris Lindstrom,DE,Weymouth,1983,1987,0,0,0,3,19,,,,0,,,,,,,0,,,,0,,LindCh20
119,Ken Kaplan,T,Boston,1984,1987,0,0,0,6,35,,,,0,,,,,,,0,,,,0,,KaplKe20
120,Mike Kelley,C,Westfield,1985,1987,0,0,0,1,17,,,,0,,,,,,,0,,,,0,,KellMi22
121,David Norrie,QB,Boston,1987,1987,0,0,0,1,2,35.0,68.0,376.0,1,41.0,4.0,15.0,72.0,5.0,5.0,0,2.0,,,0,,NorrDa20
122,Jack Peavey,C,Attleboro,1987,1987,0,0,0,1,3,,,,0,,,,,,,0,,,,0,,PeavJa20
123,Greg Meehan,WR,Otis AFB,1987,1987,0,0,0,0,3,,,,0,,,,,4.0,19.0,0,17.0,3.0,25.0,0,12.0,MeehGr20
124,Greg Boone,RB,Aberdeen,1987,1987,0,0,0,0,2,,,,0,,,,,1.0,2.0,0,2.0,,,0,,BoonGr20
125,Bill Turner,G,Norwood,1987,1987,0,0,0,0,2,,,,0,,,,,,,0,,,,0,,TurnBi20
126,Tom Porell,NT,Cambridge,1987,1987,0,0,0,0,1,,,,0,,,,,,,0,,,,0,,PoreTo20
127,Sonny Gordon,DB,Lynn,1987,1987,0,0,0,0,7,,,,0,,,,,,,0,,,,0,,GordSo20
128,Dan Rice,RB,Boston,1987,1987,0,0,0,0,3,,,,0,,,,,18.0,59.0,0,8.0,,,0,,RiceDa20
129,Shawn Halloran,QB,Gardner,1987,1987,0,0,0,1,3,18.0,42.0,263.0,0,49.0,1.0,5.0,34.0,3.0,-9.0,0,2.0,,,0,,HallSh20
130,Rico Corsetti,LB,Newton,1987,1987,0,0,0,0,2,,,,0,,,,,,,0,,,,0,,CorsRi20
131,Mike Dwyer,DT,Boston,1987,1987,0,0,0,2,3,,,,0,,,,,,,0,,,,0,,DwyeMi20
132,Brian Carey,WR,Woburn,1987,1987,0,0,0,0,2,,,,0,,,,,,,0,,,,0,,CareBr20
133,Joe Dudek,RB,Boston,1987,1987,0,0,0,2,2,,,,0,,,,,35.0,154.0,2,16.0,7.0,41.0,0,19.0,DudeJo20
134,Dave Heffernan,G,Boston,1987,1987,0,0,0,0,2,,,,0,,,,,,,0,,,,0,,HeffDa20
135,Doug Mackie,T,Malden,1987,1987,0,0,0,1,3,,,,0,,,,,,,0,,,,0,,MackDo20
136,Rolf Benirschke,K,Boston,1977,1986,0,1,0,25,121,,,,0,,,,,,,0,,,,0,,benirrol01
137,Dan Ross,TE,Malden,1979,1986,0,1,6,35,104,,,,0,,,,,,,0,,290.0,3419.0,19,41.0,RossDa00
138,Joseph Pellegrini,G,Boston,1982,1986,0,0,1,9,53,,,,0,,,,,,,0,,,,0,,PellJo21
139,Roger Caron,T,Boston,1985,1986,0,0,0,1,10,,,,0,,,,,,,0,,,,0,,CaroRo20
140,Kent Austin,QB,Natick,1986,1986,0,0,0,0,16,,,,0,,,,,1.0,0.0,0,0.0,,,0,,AustKe20
141,Pete Cronan,OLB,Bourne,1977,1985,0,0,0,7,90,,,,0,,,,,,,0,,,,0,,CronPe20
142,Dave Lindstrom,DE,Cambridge,1978,1985,0,0,1,23,118,,,,0,,,,,,,0,,,,0,,LindDa21
143,Chris Keating,LILB,Boston,1979,1985,0,0,1,21,84,,,,0,,,,,,,0,,,,0,,KeatCh20
144,Ray Preston,LLB,Lawrence,1976,1984,0,0,2,27,122,,,,0,,,,,,,0,,,,0,,PresRa20
145,Joe McLaughlin,LILB,Stoneham,1979,1984,0,0,0,9,58,,,,0,,,,,,,0,,,,0,,McLaJo20
146,Zachary Dixon,RB,Boston,1979,1984,0,0,0,9,67,,,,0,,,,,197.0,732.0,3,41.0,41.0,367.0,1,41.0,DixoZa00
147,Bruce Kimball,G,Beverly,1982,1984,0,0,0,3,25,,,,0,,,,,,,0,,,,0,,KimbBr20
148,Dan Dufour,G,Lynn,1983,1984,0,0,0,3,22,,,,0,,,,,,,0,,,,0,,DufoDa20
149,Victor Heflin,DB,Springfield,1983,1984,0,0,0,1,24,,,,0,,,,,,,0,,,,0,,HeflVi20
150,Bruce Laird,DB,Lowell,1972,1983,0,1,9,46,164,,,,0,,,,,,,0,,,,0,,LairBr00
151,Dave Lapham,G,Melrose,1974,1983,0,0,8,54,140,,,,0,,,,,,,0,,,,0,,LaphDa20
152,Mark van Eeghen,RB,Cambridge,1974,1983,0,1,8,66,136,,,,0,,,,,1652.0,6651.0,37,34.0,174.0,1583.0,4,37.0,VanEMa00
153,Mark Roopenian,NT,Medford,1982,1983,0,0,0,1,12,,,,0,,,,,,,0,,,,0,,RoopMa20
154,Jeff Williams,G,Gloucester,1977,1982,0,0,3,20,56,,,,0,,,,,,,0,,,,0,,WillJe21
155,Jim Luscinski,T,Arlington,1982,1982,0,0,0,1,6,,,,0,,,,,,,0,,,,0,,LuscJi20
156,Don McCauley,RB,Worcester,1971,1981,0,0,2,45,156,1.0,2.0,11.0,1,11.0,0.0,0.0,0.0,770.0,2627.0,40,36.0,333.0,3026.0,17,44.0,McCaDo00
157,John Fitzgerald,C,Southbridge,1971,1980,0,0,8,55,137,,,,0,,,,,,,0,,,,0,,FitzJo21
158,Ron Yankowski,DE,Arlington,1971,1980,0,0,6,36,128,,,,0,,,,,,,0,,,,0,,YankRo20
159,Bill Cooke,DT,Lowell,1975,1980,0,0,0,14,75,,,,0,,,,,,,0,,,,0,,CookBi20
160,Jim Corbett,TE,Brockton,1977,1980,0,0,0,3,44,,,,0,,,,,1.0,-1.0,0,0.0,25.0,376.0,1,51.0,CorbJa00
161,Ron LaPointe,TE,Framingham,1980,1980,0,0,0,0,2,,,,0,,,,,,,0,,,,0,,LaPoRo20
162,Pat Hughes,LB,Everett,1970,1979,0,0,7,41,141,,,,0,,,,,,,0,,,,0,,HughPa20
163,Dave Rozumek,LILB,Lawrence,1976,1979,0,0,1,12,45,,,,0,,,,,,,0,,,,0,,RozuDa20
164,Bill Adams,G,Lynn,1972,1978,0,0,0,14,46,,,,0,,,,,,,0,,,,0,,AdamBi20
165,Kevin Hunt,T,Framington,1972,1978,0,0,1,16,70,,,,0,,,,,,,0,,,,0,,HuntKe20
166,Mike Esposito,RB,Everett,1976,1978,0,0,0,4,40,0.0,2.0,0.0,0,0.0,0.0,0.0,0.0,101.0,439.0,2,36.0,21.0,97.0,0,13.0,EspoMi00
167,Gregg Robinson,DE,Palmer,1978,1978,0,0,0,3,16,,,,0,,,,,,,0,,,,0,,RobiGr21
168,Greg Marshall,DT,Beverly,1978,1978,0,0,0,1,2,,,,0,,,,,,,0,,,,0,,MarsGr20
169,Tom Toner,LB,Woburn,1973,1977,0,0,2,15,53,,,,0,,,,,,,0,,,,0,,ToneTo21
170,Nick Buoniconti,LB,Springfield,1962,1976,5,8,13,104,183,,,,0,,,,,,,0,,,,0,,BuonNi00
171,Jim Cheyunski,LB,Bridgewater,1968,1976,0,0,8,39,121,,,,0,,,,,,,0,,,,0,,CheyJi20
172,Ray White,MLB,Weymouth,1971,1976,0,0,0,7,38,,,,0,,,,,,,0,,,,0,,WhitRa21
173,Fred Willis,RB,Natick,1971,1976,0,0,3,32,77,2.0,7.0,24.0,0,16.0,1.0,0.0,0.0,780.0,2831.0,18,44.0,203.0,1380.0,5,50.0,WillFr00
174,Joe Scibelli,G,Springfield,1961,1975,0,1,15,67,202,,,,0,,,,,,,0,,1.0,1.0,0,1.0,ScibJo00
175,Walt Sweeney,G,Cohasset,1963,1975,2,9,12,80,181,,,,0,,,,,0.0,8.0,0,8.0,,,0,,SweeWa00
176,Jack Concannon,QB,Boston,1964,1975,0,0,3,26,90,560.0,1110.0,6270.0,36,93.0,63.0,91.0,752.0,217.0,1026.0,12,38.0,1.0,7.0,0,7.0,ConcJa00
177,Milt Morin,TE,Leominster,1966,1975,0,2,8,48,129,,,,0,,,,,5.0,41.0,0,22.0,271.0,4208.0,16,87.0,MoriMi00
178,John Niland,G,Quincy,1966,1975,3,6,9,76,138,,,,0,,,,,,,0,,,,0,,NilaJo00
179,Gordie Browne,T,Franklin,1974,1975,0,0,0,7,23,,,,0,,,,,,,0,,,,0,,BrowGo21
180,Jeff Queen,RB,Boston,1969,1974,0,0,2,14,76,,,,0,,,,,178.0,596.0,5,41.0,54.0,658.0,5,65.0,QueeJe00
181,Jim Del Gaizo,QB,Everett,1972,1974,0,0,0,3,16,44.0,103.0,648.0,4,51.0,10.0,9.0,88.0,8.0,16.0,0,6.0,,,0,,DelGJi00
182,Dick Cunningham,T,Boston,1967,1973,0,0,1,15,66,,,,0,,,,,,,0,,,,0,,CunnDi20
183,Jack Rizzo,RB,Boston,1973,1973,0,0,0,0,6,,,,0,,,,,1.0,3.0,0,3.0,1.0,11.0,0,11.0,RizzJa00
184,Brian Herosian,DB,Worcester,1973,1973,0,0,0,2,12,,,,0,,,,,,,0,,,,0,,HeroBr20
185,Dennis Cambal,TE,Waltham,1973,1973,0,0,0,0,8,,,,0,,,,,,,0,,,,0,,CambDe20
186,Dan Sullivan,G,Boston,1962,1972,0,0,6,52,140,,,,0,,,,,,,0,,,,0,,SullDa20
187,Bubba Pena,G,Wareham,1972,1972,0,0,0,2,7,,,,0,,,,,,,0,,,,0,,PenaBu20
188,Pete Perreault,G,Shrewsbury,1963,1971,0,0,0,17,86,,,,0,,,,,,,0,,,,0,,PerrPe20
189,Fred Whittingham,MLB,Boston,1964,1971,0,0,1,17,63,,,,0,,,,,,,0,,,,0,,WhitFr21
190,Jim Whalen,TE,Cambridge,1965,1971,1,0,6,29,89,,,,0,,,,,1.0,0.0,0,0.0,197.0,3155.0,20,87.0,WhalJi00
191,Tom McCauley,DB,Worcester,1969,1971,0,0,1,13,32,,,,0,,,,,2.0,49.0,0,32.0,,,0,,McCaTo20
192,Steve Alexakos,G,Lowell,1970,1971,0,0,0,4,18,,,,0,,,,,,,0,,,,0,,AlexSt20
193,Bill Budness,LB,Chicopee,1964,1970,0,0,1,21,92,,,,0,,,,,,,0,,,,0,,BudnBi20
194,Barry Brown,TE,Boston,1966,1970,0,0,1,2,57,,,,0,,,,,,,0,,21.0,214.0,0,22.0,BrowBa00
195,Brian Piccolo,RB,Pittsfield,1966,1969,0,0,0,14,51,,,,0,,,,,258.0,927.0,4,31.0,58.0,537.0,1,44.0,PiccBr00
196,Phil Vandersea,LB,Whitinsville,1966,1969,0,0,0,10,46,,,,0,,,,,,,0,,,,0,,VandPh20
197,Ed Toner,DT,Reading,1967,1969,0,0,0,5,26,,,,0,,,,,,,0,,,,0,,ToneEd20
198,Terry Swanson,P,Cambridge,1967,1969,0,0,0,3,26,,,,0,,,,,,,0,,,,0,,SwanTe20
199,Brendan McCarthy,RB,Boston,1968,1969,0,0,1,3,15,,,,0,,,,,59.0,175.0,1,18.0,20.0,188.0,2,40.0,McCaBr00
200,Lance Olssen,T,Boston,1968,1969,0,0,0,4,9,,,,0,,,,,,,0,,,,0,,OlssLa20
