Rk,Player,Pos,City,From,To,AP1,PB,St,wAV,G,Cmp,Att,Yds,TD,Lng,Int,Sk,Yds.1,Att.1,Yds.2,TD.1,Lng.1,Rec,Yds.3,TD.2,Lng.2,Player-additional
1,Yannick Ngakoue,DE,Washington,2016,2023,0,1,7,50,123,,,,0,,,,,,,0,,,,0,,NgakYa00
2,Teez Tabor,CB,Washington,2017,2023,0,0,0,5,39,,,,0,,,,,,,0,,,,0,,TaboTe00
3,Javon Kinlaw,DL,Washington,2020,2023,0,0,1,15,41,,,,0,,,,,,,0,,,,0,,KinlJa00
4,Josh Paschal,DE,Washington,2022,2023,0,0,0,4,22,,,,0,,,,,,,0,,,,0,,PascJo00
5,Rasheed Walker,OL,Washington,2022,2023,0,0,0,10,18,,,,0,,,,,,,0,,,,0,,WalkRa00
6,Christian Braswell,CB,Washington,2023,2023,0,0,0,0,3,,,,0,,,,,,,0,,,,0,,BrasCh00
7,Terrell Lewis,LB,Washington,2020,2022,0,0,0,5,30,,,,0,,,,,,,0,,,,0,,LewiTe00
8,Scotty Washington,WR,Washington,2022,2022,0,0,0,0,1,,,,0,,,,,,,0,,,,0,,WashSc00
9,Tavon Wilson,FS,Washington,2012,2021,0,0,2,19,133,,,,0,,,,,1.0,7.0,0,7.0,,,0,,WilsTa00
10,Eddie Goldman,DT,Washington,2015,2021,0,0,4,32,81,,,,0,,,,,,,0,,,,0,,GoldEd00
11,Ken Crawley,DB,Washington,2016,2021,0,0,1,9,55,,,,0,,,,,,,0,,,,0,,CrawKe02
12,Sean Davis,FS,Washington,2016,2021,0,0,3,18,70,,,,0,,,,,,,0,,,,0,,DaviSe00
13,Parnell Motley,DB,Washington,2020,2021,0,0,0,1,5,,,,0,,,,,,,0,,,,0,,MotlPa00
14,Brian Johnson,,Washington,2021,2021,0,0,0,1,7,,,,0,,,,,,,0,,,,0,,JohnBr05
15,Derwin Gray,OL,Washington,2020,2020,0,0,0,0,5,,,,0,,,,,,,0,,,,0,,GrayDe01
16,Vernon Davis,TE,Washington,2006,2019,0,2,11,51,198,,,,0,,,,,6.0,15.0,0,11.0,583.0,7562.0,63,73.0,DaviVe00
17,Johnson Bademosi,DB,Washington,2012,2019,0,0,0,8,120,,,,0,,,,,,,0,,,,0,,BadeJo00
18,Justin Hardy,WR,Washington,2015,2019,0,0,0,8,73,,,,0,,,,,,,0,,95.0,946.0,9,27.0,HardJu00
19,Vontae Davis,DB,Washington,2009,2018,0,2,8,45,121,,,,0,,,,,,,0,,,,0,,DaviVo99
20,Andrew Luck,QB,Washington,2012,2018,0,4,5,72,86,2000.0,3290.0,23671.0,171,87.0,83.0,174.0,1124.0,332.0,1590.0,14,33.0,1.0,4.0,0,4.0,LuckAn00
21,Alonzo Russell,WR,Washington,2018,2018,0,0,0,0,1,,,,0,,,,,,,0,,,,0,,RussAl01
22,Arrelious Benn,WR,Washington,2010,2017,0,0,2,8,61,,,,0,,,,,15.0,44.0,0,17.0,65.0,990.0,6,65.0,BennAr00
23,A.J. Francis,DL,Washington,2015,2017,0,0,0,1,9,,,,0,,,,,,,0,,,,0,,FranA.00
24,Larry Pinkard,WR,Washington,2017,2017,0,0,0,0,4,,,,0,,,,,,,0,,1.0,5.0,0,5.0,PinkLa00
25,Greg Toler,DB,Washington,2009,2016,0,0,4,21,88,,,,0,,,,,,,0,,,,0,,ToleGr99
26,Lou Young,CB,Washington,2016,2016,0,0,0,0,6,,,,0,,,,,,,0,,,,0,,YounLo00
27,Jerome Couplin,S,Washington,2014,2015,0,0,0,0,16,,,,0,,,,,,,0,,,,0,,CoupJe00
28,Cullen Loeffler,C,Washington,2004,2014,0,0,0,16,171,,,,0,,,,,,,0,,,,0,,LoefCu20
29,Josh Cribbs,WR,Washington,2005,2014,1,3,2,21,136,6.0,15.0,83.0,0,25.0,1.0,2.0,7.0,141.0,808.0,2,37.0,110.0,1175.0,7,65.0,CribJo01
30,Usama Young,DB,Washington,2007,2014,0,0,1,17,99,,,,0,,,,,,,0,,,,0,,YounUs99
31,Josh Morgan,WR,Washington,2008,2014,0,0,5,21,93,0.0,1.0,0.0,0,0.0,0.0,0.0,0.0,14.0,146.0,0,21.0,209.0,2558.0,12,65.0,MorgJo00
32,Phil Taylor,DL,Georgetown,2011,2014,0,0,2,19,44,,,,0,,,,,,,0,,,,0,,TaylPh00
33,Marvin Austin,DL,Washington,2012,2014,0,0,0,2,26,,,,0,,,,,,,0,,,,0,,AustMa00
34,Daniel Muir,DT,Washington,2007,2013,0,0,2,13,56,,,,0,,,,,,,0,,,,0,,MuirDa20
35,Lamaar Thomas,WR,Washington,2013,2013,0,0,0,0,2,,,,0,,,,,,,0,,2.0,31.0,0,18.0,ThomLa02
36,Byron Leftwich,QB,Washington,2003,2012,0,0,3,33,60,930.0,1605.0,10532.0,58,84.0,42.0,92.0,452.0,137.0,415.0,10,31.0,1.0,-7.0,0,0.0,LeftBy00
37,Shawne Merriman,OLB,Washington,2005,2012,1,3,4,40,75,,,,0,,,,,,,0,,,,0,,MerrSh99
38,Edwin Williams,C,Washington,2009,2012,0,0,0,6,29,,,,0,,,,,,,0,,,,0,,WillEd02
39,Byron Westbrook,DB,Washington,2009,2011,0,0,0,3,46,,,,0,,,,,,,0,,,,0,,WestBy00
40,Nate Bussey,LB,Washington,2011,2011,0,0,0,0,0,,,,0,,,,,,,0,,,,0,,BussNa00
41,Jamal Williams,DT,Washington,1998,2010,2,3,9,68,164,,,,0,,,,,,,0,,,,0,,WillJa99
42,Brian Westbrook,RB,Washington,2002,2010,1,2,7,69,121,1.0,2.0,25.0,1,25.0,0.0,2.0,7.0,1385.0,6335.0,41,71.0,442.0,3940.0,30,62.0,WestBr00
43,Will Davis,DE,Washington,2009,2010,0,0,0,3,21,,,,0,,,,,,,0,,,,0,,DaviWi99
44,Derrick Williams,WR,Washington,2009,2010,0,0,0,0,18,,,,0,,,,,1.0,4.0,0,4.0,9.0,82.0,0,19.0,WillDe05
45,Stanley Arnoux,LB,Washington,2010,2010,0,0,0,1,9,,,,0,,,,,,,0,,,,0,,ArnoSt99
46,Dominique Harris,DB,Washington,2010,2010,0,0,0,0,1,,,,0,,,,,,,0,,,,0,,HarrDo21
47,Travis Ivey,DT,Washington,2010,2010,0,0,0,0,1,,,,0,,,,,,,0,,,,0,,IveyTr00
48,John Owens,TE,Washington,2002,2009,0,0,1,0,76,,,,0,,,,,,,0,,22.0,178.0,1,25.0,OwenJo00
49,Jerry Porter,WR,Washington,2000,2008,0,0,4,33,115,,,,0,,,,,9.0,17.0,0,10.0,295.0,4120.0,31,59.0,PortJe00
50,Rob Davis,C,Washington,1996,2007,0,0,0,18,183,,,,0,,,,,,,0,,,,0,,DaviRo20
51,Jonathan Ogden,T,Washington,1996,2007,4,11,12,95,177,,,,0,,,,,,,0,,2.0,2.0,2,1.0,OgdeJo00
52,Mike Flanagan,C,Washington,1998,2007,0,1,6,40,121,,,,0,,,,,,,0,,,,0,,FlanMi00
53,Kevin Huntley,DT,Washington,2006,2007,0,0,0,1,11,,,,0,,,,,,,0,,,,0,,HuntKe21
54,Chas Gessner,WR,Washington,2007,2007,0,0,0,0,1,,,,0,,,,,,,0,,,,0,,GessCh00
55,Tyoka Jackson,DE,Washington,1994,2006,0,0,1,21,157,,,,0,,,,,,,0,,,,0,,JackTy20
56,Ryan Kuehl,DT,Washington,1996,2006,0,0,0,11,126,,,,0,,,,,,,0,,,,0,,KuehRy20
57,Terrence Wilkins,WR,Washington,1999,2006,0,0,1,20,72,,,,0,,,,,10.0,66.0,0,18.0,124.0,1497.0,7,80.0,WilkTe00
58,Jamal Robertson,RB,Washington,2002,2006,0,0,0,2,35,,,,0,,,,,62.0,248.0,2,23.0,4.0,34.0,0,14.0,RobeJa00
59,Jamal Jones,WR,Washington,2005,2006,0,0,0,1,14,,,,0,,,,,,,0,,6.0,108.0,1,41.0,JoneJa02
60,Orlando Brown,T,Washington,1994,2005,0,0,8,46,129,,,,0,,,,,,,0,,,,0,,BrowOr20
61,Todd Peterson,K,Washington,1994,2005,0,0,0,27,159,,,,0,,,,,,,0,,,,0,,petertod01
62,Zachary Hilton,TE,Washington,2003,2005,0,0,0,3,18,,,,0,,,,,,,0,,35.0,396.0,1,29.0,HiltZa00
63,Jay Williams,DE,Washington,1995,2004,0,0,2,23,137,,,,0,,,,,,,0,,,,0,,WillJa26
64,Waine Bacon,DB,Washington,2004,2004,0,0,0,1,11,,,,0,,,,,,,0,,,,0,,BacoWa20
65,Roderick Bryant,DB,Washington,2004,2004,0,0,0,1,13,,,,0,,,,,,,0,,,,0,,BryaRo20
66,James Lynch,RB,Washington,2004,2004,0,0,0,0,1,,,,0,,,,,,,0,,,,0,,LyncJa20
67,Olandis Gary,RB,Washington,1999,2003,0,0,1,16,48,,,,0,,,,,496.0,1998.0,11,71.0,59.0,415.0,0,21.0,GaryOl00
68,Montique Sharpe,DT,Washington,2003,2003,0,0,0,0,5,,,,0,,,,,,,0,,,,0,,SharMo20
69,Keith Lyle,DB,Washington,1994,2002,0,0,6,36,136,,,,0,,,,,5.0,47.0,0,20.0,,,0,,LyleKe20
70,Melvin Tuten,T,Washington,1995,2002,0,0,0,11,66,,,,0,,,,,,,0,,2.0,12.0,1,9.0,TuteMe20
71,Casey Crawford,TE,Washington,2000,2002,0,0,0,0,15,,,,0,,,,,,,0,,5.0,57.0,1,16.0,CrawCa00
72,Patrick Washington,FB,Washington,2001,2002,0,0,1,0,30,,,,0,,,,,,,0,,6.0,41.0,0,12.0,WashPa00
73,Giradie Mercer,DT,Washington,2002,2002,0,0,0,0,2,,,,0,,,,,,,0,,,,0,,MercGi20
74,Jevon Langford,DE,Washington,1996,2001,0,0,0,8,66,,,,0,,,,,,,0,,,,0,,LangJe20
75,Jamie Reader,FB,Washington,2001,2001,0,0,0,0,16,,,,0,,,,,,,0,,2.0,14.0,0,11.0,ReadJa00
76,J.B. Brown,DB,Washington,1989,2000,0,0,7,37,166,,,,0,,,,,,,0,,,,0,,BrowJ.20
77,Ty Parten,DE,Washington,1993,2000,0,0,0,8,62,,,,0,,,,,,,0,,,,0,,PartTy20
78,Austin Robbins,DT,Washington,1994,2000,0,0,1,10,80,,,,0,,,,,,,0,,,,0,,RobbAu20
79,Leslie Shepherd,WR,Washington,1994,2000,0,0,2,25,78,,,,0,,,,,28.0,285.0,4,32.0,183.0,2832.0,22,73.0,ShepLe00
80,Donta Jones,OLB,Washington,1995,2000,0,0,0,10,91,,,,0,,,,,,,0,,,,0,,JoneDo22
81,Billy Austin,DB,Washington,1998,2000,0,0,0,2,33,,,,0,,,,,,,0,,,,0,,AustBi20
82,Malcolm Johnson,WR,Washington,1999,2000,0,0,0,0,11,,,,0,,,,,,,0,,2.0,23.0,0,18.0,JohnMa00
83,Marcus Spriggs,DT,Washington,1999,2000,0,0,0,2,18,,,,0,,,,,,,0,,,,0,,SpriMa21
84,Kevin Glover,C,Washington,1985,1999,0,3,12,72,191,,,,0,,,,,,,0,,,,0,,GlovKe00
85,Leon Searcy,T,Washington,1992,1999,0,1,7,54,126,,,,0,,,,,,,0,,,,0,,SearLe00
86,Rod Milstead,G,Washington,1994,1999,0,0,2,15,56,,,,0,,,,,,,0,,,,0,,MilsRo20
87,Jude Waddy,LB,Washington,1998,1999,0,0,1,5,27,,,,0,,,,,,,0,,,,0,,WaddJu20
88,Chris Rogers,DB,Washington,1999,1999,0,0,0,2,10,,,,0,,,,,,,0,,,,0,,RogeCh21
89,Bobby Houston,LLB,Washington,1990,1998,0,0,5,34,109,,,,0,,,,,,,0,,,,0,,HousBo20
90,Jesse Campbell,DB,Washington,1992,1998,0,0,4,28,92,,,,0,,,,,,,0,,,,0,,CampJe20
91,Mike Reed,RB,Washington,1998,1998,0,0,0,0,4,,,,0,,,,,,,0,,,,0,,ReedMi00
92,Derrick Fenner,RB,Washington,1989,1997,0,0,7,30,120,,,,0,,,,,804.0,2996.0,32,36.0,202.0,1578.0,10,50.0,FennDe00
93,Robert Green,RB,Washington,1992,1997,0,0,0,13,71,,,,0,,,,,221.0,1038.0,3,38.0,80.0,596.0,2,39.0,GreeRo00
94,Ray Crittenden,WR,Washington,1993,1997,0,0,0,5,34,,,,0,,,,,1.0,-3.0,0,0.0,44.0,672.0,4,44.0,CritRa00
95,Tim Jacobs,DB,Washington,1993,1997,0,0,0,5,53,,,,0,,,,,,,0,,,,0,,JacoTi20
96,Roderick Lewis,TE,Washington,1994,1997,0,0,2,2,45,,,,0,,,,,,,0,,28.0,221.0,0,19.0,LewiRo00
97,Randy Kinder,RB,Washington,1997,1997,0,0,0,0,12,,,,0,,,,,,,0,,,,0,,KindRa20
98,Ed Cunningham,C,Washington,1992,1996,0,0,3,21,61,,,,0,,,,,,,0,,,,0,,CunnEd20
99,Craig Novitsky,G,Washington,1994,1996,0,0,0,7,41,,,,0,,,,,,,0,,,,0,,NoviCr20
100,Chris Harrison,G,Washington,1996,1996,0,0,0,0,2,,,,0,,,,,,,0,,,,0,,HarrCh22
101,Kevin Jordan,WR,Washington,1996,1996,0,0,0,0,1,,,,0,,,,,,,0,,,,0,,JordKe21
102,Steve Smith,RB,Washington,1987,1995,0,0,6,21,128,,,,0,,,,,429.0,1627.0,9,21.0,131.0,1250.0,13,45.0,SmitSt00
103,Santo Stephens,LB,Washington,1993,1995,0,0,0,4,43,,,,0,,,,,,,0,,,,0,,StepSa20
104,Rupert Grant,RB,Washington,1995,1995,0,0,0,0,7,,,,0,,,,,,,0,,1.0,4.0,0,4.0,GranRu21
105,Garland Hawkins,DE,Washington,1995,1995,0,0,0,0,1,,,,0,,,,,,,0,,,,0,,HawkGa20
106,Lovell Pinkney,TE,Washington,1995,1995,0,0,0,0,8,,,,0,,,,,,,0,,1.0,13.0,0,13.0,PinkLo20
107,Maurice Johnson,TE,Washington,1991,1994,0,0,1,4,55,,,,0,,,,,,,0,,39.0,371.0,4,31.0,JohnMa01
108,Jimmy Williams,LB,Washington,1982,1993,0,0,10,49,152,,,,0,,,,,,,0,,,,0,,WillJi21
109,Kevin Robbins,T,Washington,1989,1993,0,0,0,2,8,,,,0,,,,,,,0,,,,0,,RobbKe20
110,Brian Allred,DB,Washington,1993,1993,0,0,0,0,4,,,,0,,,,,,,0,,,,0,,AllrBr20
111,Tony Paige,RB,Washington,1984,1992,0,0,5,18,130,,,,0,,,,,272.0,853.0,20,30.0,197.0,1515.0,9,30.0,PaigTo00
112,Eric Dorsey,DE,Washington,1986,1992,0,0,4,27,89,,,,0,,,,,,,0,,,,0,,DorsEr20
113,Mike Hinnant,TE,Washington,1988,1992,0,0,0,0,36,,,,0,,,,,,,0,,4.0,51.0,0,23.0,HinnMi20
114,Joe Johnson,WR,Washington,1989,1992,0,0,0,3,47,,,,0,,,,,4.0,26.0,0,9.0,24.0,247.0,1,37.0,JohnJo01
115,Andre Jones,LB,Washington,1992,1992,0,0,0,0,6,,,,0,,,,,,,0,,,,0,,JoneAn20
116,Mike Wilcher,LB,Washington,1983,1991,0,0,6,42,124,,,,0,,,,,,,0,,,,0,,WilcMi20
117,Allen Pinkett,RB,Washington,1986,1991,0,0,1,23,87,,,,0,,,,,561.0,2324.0,21,60.0,119.0,921.0,5,51.0,PinkAl00
118,Travis Curtis,DB,Washington,1987,1991,0,0,1,10,57,,,,0,,,,,,,0,,,,0,,CurtTr20
119,Chris Pike,DT,Washington,1989,1991,0,0,1,7,32,,,,0,,,,,,,0,,,,0,,PikeCh20
120,Darrell Hamilton,T,Washington,1990,1991,0,0,0,6,21,,,,0,,,,,,,0,,,,0,,HamiDa20
121,Mark Robinson,DB,Washington,1984,1990,0,0,3,22,88,,,,0,,,,,,,0,,,,0,,RobiMa20
122,Lester Lyles,DB,Washington,1985,1990,0,0,1,13,63,,,,0,,,,,,,0,,,,0,,LyleLe20
123,Anthony Dilweg,QB,Washington,1989,1990,0,0,0,4,10,102.0,193.0,1274.0,8,59.0,7.0,22.0,150.0,21.0,114.0,0,22.0,,,0,,DilwAn00
124,Mike Martin,WR,Washington,1983,1989,0,0,0,8,76,,,,0,,,,,3.0,24.0,0,15.0,67.0,1017.0,6,54.0,MartMi00
125,Mike Graybill,T,Washington,1989,1989,0,0,0,0,6,,,,0,,,,,,,0,,,,0,,GrayMi20
126,Greg Brown,DE,Washington,1981,1988,0,0,3,37,117,,,,0,,,,,,,0,,,,0,,BrowGr20
127,Toby Williams,NT,Washington,1983,1988,0,0,4,26,80,,,,0,,,,,,,0,,,,0,,WillTo20
128,Cornell Gowdy,DB,Washington,1986,1988,0,0,1,7,32,,,,0,,,,,,,0,,,,0,,GowdCo20
129,Sean Scott,LB,Washington,1988,1988,0,0,0,0,5,,,,0,,,,,,,0,,,,0,,ScotSe20
130,Rogers Alexander,LB,Washington,1986,1987,0,0,0,1,4,,,,0,,,,,,,0,,,,0,,AlexRo22
131,Alvin Blount,RB,Washington,1987,1987,0,0,0,1,2,,,,0,,,,,46.0,125.0,3,15.0,1.0,5.0,0,5.0,BlouAl20
132,Phil Frye,RB,Washington,1987,1987,0,0,0,0,1,,,,0,,,,,4.0,4.0,0,2.0,3.0,25.0,0,12.0,FryePh20
133,Jeff Gaffney,K,Washington,1987,1987,0,0,0,-1,3,,,,0,,,,,,,0,,,,0,,gaffnjef01
134,Darrell Grymes,WR,Washington,1987,1987,0,0,0,1,2,,,,0,,,,,,,0,,9.0,140.0,2,36.0,GrymDa20
135,Jack Oliver,T,Washington,1987,1987,0,0,0,2,3,,,,0,,,,,,,0,,,,0,,OlivJa20
136,Ken Jenkins,RB,Washington,1983,1986,0,0,0,4,51,0.0,1.0,0.0,0,0.0,0.0,0.0,0.0,80.0,397.0,1,37.0,21.0,246.0,0,68.0,JenkKe00
137,Mike Butler,DE,Washington,1977,1985,0,0,6,38,95,,,,0,,,,,,,0,,,,0,,ButlMi20
138,Don Wilson,DB,Washington,1984,1985,0,0,1,8,32,,,,0,,,,,,,0,,,,0,,WilsDo20
139,Gerald Small,DB,Washington,1978,1984,0,0,5,38,104,,,,0,,,,,,,0,,,,0,,SmalGe21
140,John Chesley,TE,Washington,1984,1984,0,0,0,0,1,,,,0,,,,,,,0,,,,0,,ChesJo20
141,Gardner Williams,DB,Washington,1984,1984,0,0,0,0,3,,,,0,,,,,,,0,,,,0,,WillGa20
142,Dennis Boyd,DT,Washington,1977,1982,0,0,1,14,59,,,,0,,,,,,,0,,1.0,3.0,1,3.0,BoydDe20
143,Al Chesley,LILB,Washington,1979,1982,0,0,1,17,56,,,,0,,,,,,,0,,,,0,,ChesAl20
144,Angelo Fields,T,Washington,1980,1982,0,0,0,3,30,,,,0,,,,,,,0,,,,0,,FielAn21
145,Edward Lee,WR,Washington,1982,1982,0,0,0,0,0,,,,0,,,,,,,0,,,,0,,LeexEd20
146,Reggie Rucker,WR,Washington,1970,1981,0,0,10,61,159,,,,0,,,,,12.0,68.0,0,27.0,447.0,7065.0,44,69.0,RuckRe00
147,Bob Raba,TE,Washington,1977,1981,0,0,0,0,37,,,,0,,,,,,,0,,2.0,9.0,0,6.0,RabaBo20
148,Bernard Jackson,DB,Washington,1972,1980,0,0,5,38,118,,,,0,,,,,,,0,,1.0,22.0,0,22.0,JackBe20
149,Mike Kruczek,QB,Washington,1976,1980,0,0,0,7,36,93.0,154.0,1185.0,0,64.0,8.0,23.0,222.0,37.0,138.0,2,22.0,,,0,,KrucMi00
150,Kervin Wyatt,LB,Washington,1980,1980,0,0,0,1,4,,,,0,,,,,,,0,,,,0,,WyatKe20
151,Tim Baylor,DB,Washington,1976,1979,0,0,0,9,59,,,,0,,,,,,,0,,,,0,,BaylTi20
152,Leonard Willis,WR,Washington,1976,1979,0,0,0,1,36,,,,0,,,,,,,0,,2.0,41.0,0,23.0,WillLe00
153,Jon Morris,C,Washington,1964,1978,1,7,12,71,182,,,,0,,,,,,,0,,,,0,,MorrJo03
154,Mike Curtis,LB,Washington,1965,1978,1,4,9,79,166,,,,0,,,,,6.0,1.0,0,4.0,1.0,5.0,0,5.0,CurtMi00
155,Donnie Green,T,Washington,1971,1978,0,0,6,31,92,,,,0,,,,,,,0,,1.0,0.0,0,0.0,GreeDo20
156,John Leypoldt,K,Washington,1971,1978,0,0,0,18,92,,,,0,,,,,,,0,,,,0,,LeypJo20
157,Frank Chesley,LB,Washington,1978,1978,0,0,0,0,1,,,,0,,,,,,,0,,,,0,,ChesFr20
158,Duane Carrell,P,Washington,1974,1977,0,0,0,8,47,1.0,1.0,37.0,0,37.0,0.0,0.0,0.0,4.0,-15.0,0,0.0,,,0,,CarrDu20
159,Tommy Marvaso,DB,Washington,1976,1977,0,0,0,3,14,,,,0,,,,,,,0,,,,0,,MarvTo20
160,Larry Jameson,DT,Washington,1976,1976,0,0,0,0,1,,,,0,,,,,,,0,,,,0,,JameLa20
161,Bob Windsor,TE,Washington,1967,1975,0,0,5,23,117,,,,0,,,,,9.0,57.0,0,21.0,185.0,2307.0,14,62.0,WindBo00
162,Ron Mayo,TE,Washington,1973,1974,0,0,0,0,22,,,,0,,,,,,,0,,,,0,,MayoRo20
163,Tom Forrest,G,Washington,1974,1974,0,0,0,2,8,,,,0,,,,,,,0,,,,0,,ForrTo20
164,Bill Frohbose,DB,Washington,1974,1974,0,0,0,1,2,,,,0,,,,,,,0,,,,0,,FrohBi20
165,Cecil Turner,FL,Washington,1968,1973,0,1,1,9,76,,,,0,,,,,8.0,13.0,0,14.0,21.0,364.0,2,80.0,TurnCe00
166,Cal Snowden,DE,Washington,1969,1973,0,0,1,13,47,,,,0,,,,,,,0,,,,0,,SnowCa20
167,Eric Washington,DB,Washington,1972,1973,0,0,0,3,15,,,,0,,,,,,,0,,,,0,,WashEr20
168,Dick Absher,MLB,Washington,1967,1972,0,0,2,12,58,,,,0,,,,,,,0,,,,0,,AbshDi20
169,Willie Wood,DB,Washington,1960,1971,4,8,11,95,166,,,,0,,,,,,,0,,,,0,,WoodWi00
170,Mike Richey,T,Washington,1969,1970,0,0,0,4,19,,,,0,,,,,,,0,,,,0,,RichMi21
171,Bill Dusenbery,RB,Washington,1970,1970,0,0,0,0,8,,,,0,,,,,4.0,6.0,0,3.0,,,0,,DuseBi00
172,Bill Darnall,WR,Washington,1968,1969,0,0,0,0,13,,,,0,,,,,,,0,,3.0,38.0,0,13.0,DarnBi00
173,Mike Wilson,DB,Washington,1969,1969,0,0,0,1,3,,,,0,,,,,,,0,,,,0,,WilsMi22
174,Tom Day,DE,Washington,1960,1968,0,1,7,43,117,,,,0,,,,,,,0,,,,0,,DayxTo00
175,Garrett Ford,RB,Washington,1968,1968,0,0,0,2,14,,,,0,,,,,41.0,186.0,1,23.0,6.0,40.0,0,12.0,FordGa00
176,Lou Harris,DB,Washington,1968,1968,0,0,0,2,14,,,,0,,,,,,,0,,,,0,,HarrLo20
177,Bill Scott,DB,Washington,1968,1968,0,0,0,1,14,,,,0,,,,,,,0,,,,0,,ScotBi20
178,Scotty Glacken,QB,Washington,1966,1967,0,0,0,0,10,6.0,15.0,84.0,1,22.0,0.0,5.0,47.0,3.0,9.0,0,10.0,,,0,,GlacSc00
179,Nat Whitmyer,DB,Washington,1963,1966,0,0,0,3,21,,,,0,,,,,,,0,,,,0,,WhitNa20
180,Allan Webb,DB,Washington,1961,1965,0,0,2,16,48,,,,0,,,,,6.0,51.0,0,21.0,,,0,,WebbAl20
181,Ernie Warlick,TE,Washington,1962,1965,0,4,3,16,56,,,,0,,,,,,,0,,90.0,1551.0,4,55.0,WarlEr00
182,Al Lawson,WR,Washington,1964,1964,0,0,0,0,1,,,,0,,,,,,,0,,,,0,,LawsAl20
183,Mike Sommer,HB,Washington,1958,1963,0,0,1,0,22,,,,0,,,,,78.0,253.0,2,53.0,9.0,166.0,0,56.0,SommMi00
184,Ed Nutting,T,Washington,1961,1963,0,0,1,5,18,,,,0,,,,,,,0,,,,0,,NuttEd20
185,Jim Boylan,WR,Washington,1963,1963,0,0,0,1,3,,,,0,,,,,,,0,,6.0,78.0,1,19.0,BoylJi00
186,Johnny Olszewski,FB,Washington,1953,1962,0,2,6,6,113,0.0,1.0,0.0,0,0.0,1.0,,,837.0,3320.0,16,65.0,104.0,988.0,3,77.0,OlszJo00
187,Mike McGee,G,Washington,1960,1962,0,0,3,18,37,,,,0,,,,,,,0,,,,0,,McGeMi20
188,Lew Luce,HB,Washington,1961,1961,0,0,0,0,2,,,,0,,,,,3.0,1.0,0,3.0,,,0,,LuceLe00
189,Ray Krouse,DT,Washington,1951,1960,0,1,8,7,118,,,,0,,,,,,,0,,,,0,,KrouRa00
190,Phil Perlo,LB,Washington,1960,1960,0,0,0,1,7,,,,0,,,,,,,0,,,,0,,PerlPh20
191,Len Ford,DE,Washington,1948,1958,4,4,10,0,125,,,,0,,,,,,,0,,67.0,1175.0,8,,FordLe00
192,Avatus Stone,HB,Washington,1958,1958,0,0,0,0,1,,,,0,,,,,,,0,,,,0,,StonAv20
193,Gene Schroeder,E,Washington,1951,1957,0,1,3,0,64,,,,0,,,,,1.0,4.0,0,4.0,104.0,1870.0,13,75.0,SchrGe00
194,Leo Miles,DB,Washington,1953,1953,0,0,0,0,3,,,,0,,,,,,,0,,,,0,,MileLe20
195,Sam Fox,E,Washington,1945,1945,0,0,1,0,8,,,,0,,,,,,,0,,10.0,120.0,2,28.0,FoxxSa20
196,Gene Augusterfer,BB,Washington,1935,1935,0,0,0,0,1,,,,0,,,,,,,0,,,,0,,AuguGe20
197,Charlie Van Horn,B,Washington,1927,1929,0,0,0,0,8,,,,0,,,,,,,0,,,,0,,VanHCh20
198,Pat Flaherty,E,Washington,1923,1928,0,0,0,0,13,,,,0,,,,,,,0,,,,0,,FlahJi20
199,Kid Hill,T,Washington,1926,1926,0,0,0,0,2,,,,0,,,,,,,0,,,,0,,HillKi20
200,George Baldwin,E,Washington,1925,1925,0,0,0,0,9,,,,0,,,,,,,0,,,,0,,BaldGe20
