Rk,Player,Pos,City,From,To,AP1,PB,St,wAV,G,Cmp,Att,Yds,TD,Lng,Int,Sk,Yds.1,Att.1,Yds.2,TD.1,Lng.1,Rec,Yds.3,TD.2,Lng.2,Player-additional
1,Calais Campbell,DE,Denver,2008,2023,1,6,14,109,244,,,,0,,,,,,,0,,,,0,,CampCa99
2,Mike Purcell,DT,Highlands Ranch,2014,2023,0,0,1,24,90,,,,0,,,,,,,0,,,,0,,PurcMi00
3,Jordan Hicks,OLB,Colorado Springs,2015,2023,0,0,7,50,122,,,,0,,,,,,,0,,,,0,,HickJo00
4,Morgan Fox,DL,Fountain,2016,2023,0,0,1,20,103,,,,0,,,,,,,0,,,,0,,FoxxMo00
5,Dan Skipper,T,Arvada,2017,2023,0,0,0,5,40,,,,0,,,,,,,0,,1.0,4.0,0,4.0,SkipDa00
6,Christian McCaffrey,RB,Castle Rock,2017,2023,2,3,4,72,91,2.0,4.0,84.0,2,50.0,0.0,0.0,0.0,1297.0,6185.0,52,84.0,509.0,4320.0,29,49.0,McCaCh01
7,Jacob Martin,OLB,Aurora,2018,2023,0,0,1,12,91,,,,0,,,,,,,0,,,,0,,MartJa02
8,Daniel Carlson,K,Colorado Springs,2018,2023,1,0,1,19,95,,,,0,,,,,,,0,,,,0,,CarlDa00
9,JK Scott,P,Denver,2018,2023,0,0,1,9,83,0.0,1.0,0.0,0,0.0,0.0,0.0,0.0,,,0,,,,0,,ScotJK00
10,Trent Sieg,LS,Greeley,2018,2023,0,0,0,5,97,,,,0,,,,,,,0,,,,0,,SiegTr00
11,Andrew Wingard,S,Arvada,2019,2023,0,0,1,12,78,,,,0,,,,,1.0,4.0,0,4.0,,,0,,WingAn01
12,Christian Elliss,LB,Highlands Ranch,2021,2023,0,0,0,1,23,,,,0,,,,,,,0,,,,0,,ElliCh00
13,Jack Stoll,TE,Lone Tree,2021,2023,0,0,1,1,50,,,,0,,,,,,,0,,20.0,183.0,0,26.0,StolJa00
14,Trey McBride,TE,Greeley,2022,2023,0,0,1,10,33,,,,0,,,,,,,0,,110.0,1090.0,4,38.0,McBrTr01
15,Anders Carlson,K,Colorado Springs,2023,2023,0,0,0,1,17,,,,0,,,,,,,0,,,,0,,CarlAn00
16,Ryan Jensen,T,Rangely,2014,2022,0,1,5,43,100,,,,0,,,,,,,0,,,,0,,JensRy00
17,Charles Washington,DB,,2017,2022,0,0,0,4,69,,,,0,,,,,,,0,,,,0,,WashCh01
18,Tanner Gentry,WR,Aurora,2017,2022,0,0,0,1,7,,,,0,,,,,,,0,,3.0,35.0,0,15.0,GentTa00
19,Phillip Lindsay,RB,Denver,2018,2022,0,1,2,19,59,0.0,0.0,0.0,0,0.0,0.0,0.0,0.0,637.0,2848.0,18,65.0,87.0,529.0,2,36.0,LindPh00
20,Preston Williams,WR,Lovejoy,2019,2022,0,0,2,6,25,0.0,0.0,0.0,0,0.0,0.0,1.0,1.0,1.0,7.0,0,7.0,56.0,787.0,7,47.0,WillPr01
21,Nate Solder,OL,Denver,2011,2021,0,0,9,64,146,,,,0,,,,,,,0,,0.0,0.0,0,0.0,SoldNa00
22,Eddie Yarbrough,DE,Aurora,2017,2021,0,0,0,5,39,,,,0,,,,,,,0,,,,0,,YarbEd01
23,Kalen Ballage,RB,Peyton,2018,2021,0,0,1,6,52,,,,0,,,,,213.0,665.0,7,75.0,54.0,293.0,0,31.0,BallKa00
24,Ben Garland,OL,Grand Junction,2014,2020,0,0,1,12,68,,,,0,,,,,,,0,,,,0,,GarlBe00
25,Jaeden Graham,TE,Aurora,2019,2020,0,0,0,1,32,,,,0,,,,,,,0,,12.0,174.0,1,53.0,GrahJa01
26,Deyon Sizer,DT,Aurora,2019,2019,0,0,0,0,1,,,,0,,,,,,,0,,,,0,,SizeDe00
27,John Denney,DE,Denver,2005,2018,0,2,0,26,224,,,,0,,,,,,,0,,,,0,,DennJo20
28,Ryan Hewitt,FB,Denver,2014,2018,0,0,3,2,72,,,,0,,,,,1.0,0.0,0,0.0,23.0,221.0,1,22.0,HewiRy00
29,Jeremiah Sirles,T,Lakewood,2014,2018,0,0,1,11,42,,,,0,,,,,,,0,,,,0,,SirlJe00
30,Kapri Bibbs,RB,Colorado Springs,2015,2018,0,0,0,3,28,,,,0,,,,,71.0,311.0,3,24.0,32.0,318.0,3,69.0,BibbKa00
31,Zack Golditch,G,Denver,2018,2018,0,0,0,0,2,,,,0,,,,,,,0,,,,0,,GoldZa00
32,Sam Jones,G,Highlands Ranch,2018,2018,0,0,0,0,5,,,,0,,,,,,,0,,,,0,,JoneSa00
33,Justin Drescher,C,Colorado Springs,2010,2017,0,0,0,5,110,,,,0,,,,,,,0,,,,0,,DresJu20
34,Mitch Unrein,DT,Eaton,2011,2017,0,0,2,20,95,,,,0,,,,,,,0,,1.0,1.0,1,1.0,UnreMi00
35,Vincent Jackson,WR,Colorado Springs,2005,2016,0,3,8,77,155,,,,0,,,,,15.0,161.0,0,41.0,540.0,9080.0,57,95.0,JackVi00
36,Alex Smith,TE,Denver,2005,2015,0,0,3,11,124,,,,0,,,,,,,0,,163.0,1473.0,13,34.0,SmitAl02
37,Tyler Polumbus,G,Denver,2008,2015,0,0,2,27,112,,,,0,,,,,,,0,,,,0,,PoluTy20
38,Drew Davis,WR,Denver,2012,2014,0,0,0,2,38,,,,0,,,,,,,0,,16.0,256.0,3,59.0,DaviDr00
39,Gabe Miller,OLB,Crested Butte,2014,2014,0,0,0,0,7,,,,0,,,,,,,0,,,,0,,MillGa00
40,Andre Carter,DE,Denver,2001,2013,0,1,10,59,184,,,,0,,,,,,,0,,,,0,,CartAn20
41,Derrick Martin,DB,Denver,2006,2013,0,0,0,5,73,,,,0,,,,,,,0,,,,0,,MartDe22
42,Reed Doughty,DB,Greeley,2006,2013,0,0,3,20,107,,,,0,,,,,,,0,,,,0,,DougRe20
43,Kory Sperry,TE,Pueblo,2009,2013,0,0,0,1,40,,,,0,,,,,,,0,,9.0,152.0,1,35.0,SperKo00
44,Jeff Byers,C,Loveland,2012,2013,0,0,0,5,22,,,,0,,,,,,,0,,,,0,,ByerJe00
45,Ryan Miller,G,Littleton,2012,2012,0,0,0,1,8,,,,0,,,,,,,0,,,,0,,MillRy00
46,Aaron Smith,DE,Colorado Springs,1999,2011,0,1,9,71,160,,,,0,,,,,,,0,,,,0,,SmitAa99
47,David Bowens,DE,Denver,1999,2010,0,0,2,31,167,,,,0,,,,,,,0,,,,0,,BoweDa20
48,Ryan Denney,DE,Thornton,2002,2010,0,0,2,23,113,,,,0,,,,,,,0,,2.0,44.0,2,25.0,DennRy20
49,Bo Scaife,TE,Denver,2005,2010,0,0,4,20,90,,,,0,,,,,1.0,13.0,1,13.0,251.0,2383.0,12,44.0,ScaiBo00
50,Mike Bell,RB,Denver,2006,2010,0,0,0,12,53,,,,0,,,,,395.0,1475.0,14,48.0,33.0,258.0,0,28.0,BellMi00
51,Kasey Studdard,G,Denver,2007,2010,0,0,1,8,25,,,,0,,,,,,,0,,,,0,,StudKa20
52,Gijon Robinson,TE,Denver,2008,2010,0,0,2,3,39,,,,0,,,,,,,0,,31.0,240.0,1,23.0,RobiGi21
53,Jon Cooper,C,Fort Collins,2009,2010,0,0,0,1,13,,,,0,,,,,,,0,,,,0,,CoopJo21
54,John Matthews,WR,Aurora,2010,2010,0,0,0,0,3,,,,0,,,,,,,0,,0.0,0.0,0,0.0,MattJo22
55,Paul Hubbard,WR,Colorado Springs,2010,2010,0,0,0,0,1,,,,0,,,,,,,0,,1.0,8.0,0,8.0,HubbPa00
56,Joe Klopfenstein,TE,Denver,2006,2009,0,0,3,3,49,,,,0,,,,,,,0,,34.0,397.0,2,36.0,KlopJo00
57,LenDale White,RB,Denver,2006,2009,0,0,1,14,58,,,,0,,,,,628.0,2349.0,24,80.0,42.0,204.0,0,15.0,WhitLe01
58,James Thrash,WR,Denver,1997,2008,0,0,4,32,165,,,,0,,,,,41.0,362.0,2,47.0,290.0,3646.0,22,64.0,ThraJa00
59,Jason Craft,DB,Denver,1999,2008,0,0,1,25,148,,,,0,,,,,,,0,,,,0,,CrafJa20
60,Ryan Plackemeier,P,Colorado Springs,2006,2008,0,0,0,5,43,,,,0,,,,,1.0,0.0,0,0.0,,,0,,PlacRy20
61,Bobby Hamilton,DE,Denver,1996,2007,0,0,7,43,165,,,,0,,,,,,,0,,,,0,,HamiBo20
62,Tom Ashworth,T,Denver,2002,2007,0,0,2,20,66,,,,0,,,,,,,0,,1.0,1.0,1,1.0,AshwTo20
63,Aaron Moorehead,WR,Aurora,2003,2007,0,0,0,4,36,,,,0,,,,,,,0,,31.0,330.0,1,36.0,MoorAa00
64,Cory Ross,RB,Denver,2006,2007,0,0,0,0,10,,,,0,,,,,12.0,72.0,1,32.0,0.0,0.0,0,0.0,RossCo00
65,James Darling,LLB,Denver,1997,2006,0,0,4,29,139,,,,0,,,,,,,0,,,,0,,DarlJa20
66,Andre Woolfolk,DB,Denver,2003,2006,0,0,0,6,39,,,,0,,,,,,,0,,,,0,,WoolAn20
67,Roc Alexander,DB,Colorado Springs,2004,2006,0,0,0,3,27,,,,0,,,,,,,0,,,,0,,AlexRo21
68,Josh Williams,DT,Denver,2000,2005,0,0,2,19,73,,,,0,,,,,,,0,,,,0,,WillJo30
69,Dyshod Carter,DB,Denver,2001,2005,0,0,0,1,19,,,,0,,,,,,,0,,,,0,,CartDy20
70,Jody Littleton,LB,Denver,2002,2005,0,0,0,1,18,,,,0,,,,,,,0,,,,0,,LittJo21
71,Ben Steele,TE,Denver,2004,2005,0,0,0,0,17,,,,0,,,,,,,0,,4.0,42.0,0,27.0,SteeBe00
72,Sean Tufts,LB,Englewood,2004,2005,0,0,0,1,15,,,,0,,,,,,,0,,,,0,,TuftSe20
73,Luther Elliss,DT,Mancos,1995,2004,0,2,8,51,134,,,,0,,,,,,,0,,,,0,,ElliLu00
74,Dustin Lyman,TE,Boulder,2000,2004,0,0,1,2,55,,,,0,,,,,,,0,,37.0,278.0,3,21.0,LymaDu00
75,Chad Hutchinson,QB,Boulder,2002,2004,0,0,2,4,15,220.0,413.0,2466.0,11,63.0,11.0,57.0,425.0,26.0,85.0,0,18.0,,,0,,HutcCh00
76,Brad Pyatt,WR,Arvada,2003,2004,0,0,0,0,16,,,,0,,,,,,,0,,3.0,14.0,0,7.0,PyatBr00
77,P.K. Sam,WR,Denver,2004,2004,0,0,0,0,2,,,,0,,,,,,,0,,,,0,,SamxP.20
78,Brian Walker,DB,Colorado Springs,1996,2003,0,0,4,24,97,,,,0,,,,,,,0,,,,0,,WalkBr21
79,Sean Moran,OLB,Denver,1996,2003,0,0,0,12,120,,,,0,,,,,,,0,,,,0,,MoraSe20
80,Trent Gamble,DB,Denver,2000,2003,0,0,0,3,39,,,,0,,,,,,,0,,,,0,,GambTr20
81,Anthony Dunn,DE,Denver,2003,2003,0,0,0,0,2,,,,0,,,,,,,0,,,,0,,DunnAn20
82,Heath Irwin,G,Boulder,1997,2002,0,0,1,17,87,,,,0,,,,,,,0,,,,0,,IrwiHe20
83,Greg Jones,LLB,Denver,1997,2002,0,0,1,16,82,,,,0,,,,,,,0,,,,0,,JoneGr20
84,LaDairis Jackson,DE,Denver,2002,2002,0,0,0,2,15,,,,0,,,,,,,0,,,,0,,JackLa20
85,Chris Sanders,WR,Denver,1995,2001,0,0,4,29,97,,,,0,,,,,4.0,-36.0,0,0.0,177.0,3285.0,17,83.0,SandCh00
86,Pete Monty,MLB,Fort Collins,1997,2001,0,0,0,5,52,,,,0,,,,,,,0,,,,0,,MontPe20
87,Kevin McDougal,RB,Denver,2000,2001,0,0,0,0,15,,,,0,,,,,17.0,48.0,0,12.0,1.0,10.0,0,10.0,McDoKe01
88,Anthony Parker,DB,Denver,2000,2001,0,0,0,1,21,,,,0,,,,,,,0,,,,0,,ParkAn21
89,Chester Burnett,LB,Denver,1998,2000,0,0,0,0,12,,,,0,,,,,,,0,,,,0,,BurnCh20
90,Marvin Washington,DE,Denver,1989,1999,0,0,6,44,155,,,,0,,,,,,,0,,,,0,,WashMa21
91,Justin Armour,WR,Colorado Springs,1995,1999,0,0,2,7,39,0.0,1.0,0.0,0,0.0,0.0,0.0,0.0,4.0,-5.0,0,6.0,64.0,861.0,7,54.0,ArmoJu00
92,Jason Kaiser,DB,Denver,1998,1999,0,0,0,0,1,,,,0,,,,,,,0,,,,0,,KaisJa20
93,Joe Germaine,QB,Denver,1999,1999,0,0,0,1,3,9.0,16.0,136.0,1,63.0,2.0,3.0,23.0,3.0,0.0,0,2.0,,,0,,GermJo00
94,Steve Scifres,G,Colorado Springs,1997,1998,0,0,0,0,7,,,,0,,,,,,,0,,,,0,,ScifSt20
95,Ryan Sutter,DB,Fort Collins,1998,1998,0,0,0,0,1,,,,0,,,,,,,0,,,,0,,SuttRy20
96,David Tate,DB,Denver,1988,1997,0,0,2,25,142,,,,0,,,,,,,0,,,,0,,TateDa20
97,Vashone Adams,DB,Aurora,1995,1997,0,0,0,5,29,,,,0,,,,,,,0,,,,0,,AdamVa20
98,Derek West,T,Denver,1995,1997,0,0,0,0,5,,,,0,,,,,,,0,,,,0,,WestDe20
99,Bob Sapp,G,Colorado Springs,1997,1997,0,0,0,0,1,,,,0,,,,,,,0,,,,0,,SappBo20
100,Adrian Cooper,TE,Denver,1991,1996,0,0,3,8,77,,,,0,,,,,,,0,,87.0,1037.0,5,47.0,CoopAd00
101,Bill Musgrave,QB,Grand Junction,1991,1996,0,0,0,1,12,43.0,69.0,402.0,1,46.0,2.0,4.0,32.0,19.0,-11.0,0,6.0,,,0,,MusgBi00
102,Greg Primus,WR,Denver,1994,1995,0,0,0,0,7,,,,0,,,,,,,0,,3.0,25.0,0,12.0,PrimGr00
103,Jeff Campbell,WR,Denver,1990,1994,0,0,1,6,68,,,,0,,,,,2.0,6.0,0,6.0,37.0,517.0,4,78.0,CampJe00
104,Burnie Legette,RB,Colorado Springs,1993,1994,0,0,0,0,10,,,,0,,,,,,,0,,,,0,,LegeBu20
105,Ron Dickerson,RB,Denver,1993,1994,0,0,0,0,15,,,,0,,,,,1.0,0.0,0,0.0,2.0,11.0,0,6.0,DickRo20
106,Tyrone Johnson,WR,Denver,1994,1994,0,0,0,0,1,,,,0,,,,,,,0,,,,0,,JohnTy20
107,Kevin Call,T,Boulder,1984,1993,0,0,5,30,130,,,,0,,,,,,,0,,,,0,,CallKe20
108,Jeff Donaldson,DB,Fort Collins,1984,1993,0,0,5,28,151,,,,0,,,,,,,0,,,,0,,DonaJe20
109,Ostell Miles,RB,Denver,1992,1993,0,0,0,1,26,,,,0,,,,,30.0,78.0,1,15.0,6.0,89.0,0,27.0,MileOs00
110,Barry Helton,P,Colorado Springs,1988,1991,0,0,0,5,50,2.0,2.0,22.0,0,22.0,0.0,0.0,0.0,2.0,0.0,0,0.0,,,0,,HeltBa20
111,Matt Monger,OLB,Denver,1985,1990,0,0,0,6,56,,,,0,,,,,,,0,,,,0,,MongMa20
112,Eric Coleman,DB,Denver,1989,1990,0,0,0,1,15,,,,0,,,,,,,0,,,,0,,ColeEr20
113,Keith English,P,Denver,1990,1990,0,0,0,1,16,,,,0,,,,,2.0,-19.0,0,-8.0,,,0,,EnglKe20
114,Steve Korte,C,Denver,1983,1989,0,0,4,28,83,,,,0,,,,,,,0,,,,0,,KortSt20
115,Herman Heard,RB,Denver,1984,1989,0,0,5,24,87,,,,0,,,,,651.0,2694.0,13,69.0,132.0,1125.0,3,32.0,HearHe00
116,Steve DeLine,K,Denver,1988,1989,0,0,0,2,8,,,,0,,,,,,,0,,,,0,,delinste01
117,Tom Erlandson,LB,Denver,1988,1988,0,0,0,0,4,,,,0,,,,,,,0,,,,0,,ErlaTo20
118,Gary Richard,DB,Denver,1988,1988,0,0,0,1,10,,,,0,,,,,,,0,,,,0,,RichGa20
119,Chris Brewer,RB,Denver,1984,1987,0,0,0,1,16,,,,0,,,,,34.0,83.0,2,16.0,7.0,76.0,1,19.0,BrewCh00
120,Willard Goff,DT,Lamar,1985,1987,0,0,0,0,8,,,,0,,,,,,,0,,,,0,,GoffWi20
121,Terry Unrein,NT,Brighton,1986,1987,0,0,0,5,21,,,,0,,,,,,,0,,,,0,,UnreTe20
122,Jack Weil,P,Denver,1986,1987,0,0,0,1,9,,,,0,,,,,,,0,,,,0,,WeilJa20
123,Mike Knox,LB,Boulder,1987,1987,0,0,0,0,3,,,,0,,,,,,,0,,,,0,,KnoxMi20
124,Patrick Cain,C,Denver,1987,1987,0,0,0,1,3,,,,0,,,,,,,0,,,,0,,CainPa20
125,Ed Zeman,DB,Denver,1987,1987,0,0,0,0,3,,,,0,,,,,,,0,,,,0,,ZemaEd20
126,Stein Koss,TE,Durango,1987,1987,0,0,0,0,2,,,,0,,,,,,,0,,2.0,25.0,0,14.0,KossSt20
127,Mark Miller,QB,Grand Junction,1987,1987,0,0,0,0,1,1.0,3.0,9.0,0,9.0,1.0,0.0,0.0,,,0,,,,0,,MillMa20
128,Matt Courtney,DB,Greeley,1987,1987,0,0,0,2,3,,,,0,,,,,,,0,,,,0,,CourMa20
129,Don Fairbanks,DE,Lakewood,1987,1987,0,0,0,1,3,,,,0,,,,,,,0,,,,0,,FairDo20
130,Eric Coyle,C,Longmont,1987,1987,0,0,0,2,3,,,,0,,,,,,,0,,,,0,,CoylEr20
131,Dan DeRose,LB,Pueblo,1987,1987,0,0,0,1,3,,,,0,,,,,,,0,,,,0,,DeRoDa20
132,Joe Taibi,DE,Pueblo,1987,1987,0,0,0,0,3,,,,0,,,,,,,0,,,,0,,TaibJo20
133,Mark Mullaney,DE,Denver,1975,1986,0,0,8,48,151,,,,0,,,,,,,0,,,,0,,MullMa20
134,Dan Ralph,DT,Denver,1984,1984,0,0,0,0,6,,,,0,,,,,,,0,,,,0,,RalpDa20
135,Vaughn Williams,DB,Denver,1984,1984,0,0,0,1,10,,,,0,,,,,,,0,,,,0,,WillVa20
136,Jesse Johnson,B,Fort Collins,1980,1983,0,0,0,3,45,,,,0,,,,,,,0,,,,0,,JohnJe22
137,David Warnke,K,Denver,1983,1983,0,0,0,-1,1,,,,0,,,,,,,0,,,,0,,warnkdav01
138,Matt Miller,T,Durango,1979,1982,0,0,0,6,41,,,,0,,,,,,,0,,,,0,,MillMa21
139,Lee Kunz,MLB,Golden,1979,1981,0,0,0,10,48,,,,0,,,,,,,0,,,,0,,KunzLe20
140,Monte Johnson,LB,Denver,1973,1979,0,0,5,39,99,,,,0,,,,,,,0,,,,0,,JohnMo20
141,Bill Brundige,DT,Holyoke,1970,1977,0,0,5,43,107,,,,0,,,,,,,0,,,,0,,BrunBi20
142,Mike McGraw,LB,Denver,1976,1977,0,0,0,2,5,,,,0,,,,,,,0,,,,0,,McGrMi20
143,Terry Kunz,RB,Denver,1976,1976,0,0,0,0,7,,,,0,,,,,4.0,33.0,0,11.0,,,0,,KunzTe00
144,Steve Haggerty,WR,Denver,1975,1975,0,0,0,0,1,,,,0,,,,,,,0,,,,0,,HaggSt20
145,Mark Cooney,LB,Denver,1974,1974,0,0,0,4,13,,,,0,,,,,,,0,,,,0,,CoonMa20
146,Dave Grannell,TE,Denver,1974,1974,0,0,0,1,9,,,,0,,,,,,,0,,3.0,51.0,0,22.0,GranDa00
147,Rodney Wallace,T,Pueblo,1971,1973,0,0,0,9,37,,,,0,,,,,,,0,,,,0,,WallRo20
148,Sam Brunelli,T,Fort Morgan,1966,1971,0,0,4,21,60,,,,0,,,,,,,0,,,,0,,BrunSa20
149,Roy Schmidt,G,Colorado Springs,1967,1971,0,0,2,11,43,,,,0,,,,,,,0,,,,0,,SchmRo20
150,Steve Engel,RB,Englewood,1970,1970,0,0,0,0,3,,,,0,,,,,,,0,,,,0,,EngeSt20
151,Mike Johnson,DB,Denver,1966,1969,0,0,2,18,54,,,,0,,,,,,,0,,,,0,,JohnMi20
152,Greg Barton,QB,Denver,1969,1969,0,0,0,0,1,0.0,1.0,0.0,0,0.0,0.0,0.0,0.0,,,0,,,,0,,BartGr20
153,Fred Glick,DB,Aurora,1959,1966,1,3,6,40,83,,,,0,,,,,,,0,,,,0,,GlicFr00
154,Dick Harris,DB,Denver,1960,1965,2,1,3,50,76,,,,0,,,,,,,0,,,,0,,HarrDi20
155,Bill Frank,T,Denver,1964,1964,0,0,0,1,4,,,,0,,,,,,,0,,,,0,,FranBi20
156,Gary Knafelc,E,Pueblo,1954,1963,0,0,4,6,101,,,,0,,,,,,,0,,154.0,2162.0,23,53.0,KnafGa00
157,Eddie Dove,DB,Hygiene,1959,1963,0,1,4,24,66,,,,0,,,,,,,0,,,,0,,DoveEd20
158,Orville Trask,DT,Pueblo,1960,1962,0,0,2,17,35,,,,0,,,,,,,0,,,,0,,TrasOr20
159,Nelson Toburen,LB,Boulder,1961,1962,0,0,0,6,24,,,,0,,,,,,,0,,,,0,,TobuNe20
160,Bill Jessup,E,Wray,1951,1960,0,0,1,1,62,0.0,1.0,0.0,0,0.0,1.0,,,1.0,-5.0,0,0.0,61.0,994.0,7,68.0,JessBi00
161,Red Stephens,G,Denver,1955,1960,0,0,5,3,70,,,,0,,,,,,,0,,,,0,,StepRe20
162,Larry Barnes,FB,Sterling,1957,1960,0,0,0,0,26,1.0,1.0,-2.0,0,0.0,0.0,,,20.0,78.0,0,16.0,1.0,1.0,0,1.0,BarnLa20
163,Hal Giancanelli,HB,Farr,1953,1956,0,0,2,0,41,,,,0,,,,,216.0,711.0,4,30.0,69.0,1024.0,10,59.0,GianHa20
164,Larrye Weaver,HB,Monte Vista,1955,1955,0,0,0,0,6,,,,0,,,,,3.0,0.0,0,2.0,,,0,,WeavLa20
165,John Woudenberg,T,Denver,1940,1949,0,1,6,0,83,,,,0,,,,,,,0,,1.0,-1.0,0,0.0,WoudJo20
166,Walt Clay,B,Erie,1946,1949,0,0,0,0,47,13.0,28.0,148.0,2,8.0,3.0,,,169.0,652.0,4,,15.0,218.0,1,,ClayWa20
167,Marion Shirley,T,Denver,1948,1949,0,0,0,0,20,,,,0,,,,,,,0,,,,0,,ShirMa20
168,Robert Hazelhurst,HB,Denver,1948,1948,0,0,0,0,12,,,,0,,,,,11.0,15.0,0,7.0,,,0,,HazeRo20
169,Dick Ottele,BB,Yuma,1948,1948,0,0,0,0,8,,,,0,,,,,2.0,11.0,0,,,,0,,OtteDi20
170,Dick Horne,E,Denver,1941,1947,0,0,0,0,22,,,,0,,,,,,,0,,8.0,117.0,0,,HornDi21
171,Rupe Thornton,G,Denver,1946,1947,0,0,0,0,25,,,,0,,,,,,,0,,,,0,,ThorRu20
172,Vic Schleich,T,Montrose,1947,1947,0,0,0,0,11,,,,0,,,,,,,0,,,,0,,SchlVi20
173,Gregg Browning,E,Trinidad,1947,1947,0,0,0,0,3,,,,0,,,,,,,0,,1.0,12.0,0,12.0,BrowGr21
174,Paul Vinnola,HB,Denver,1946,1946,0,0,0,0,13,,,,0,,,,,23.0,36.0,0,18.0,4.0,39.0,0,,VinnPa20
175,Morgan Tiller,E,Trinidad,1944,1945,0,0,0,0,14,,,,0,,,,,,,0,,10.0,146.0,0,35.0,TillMo20
176,Tony Falkenstein,FB,Pueblo,1943,1944,0,0,0,0,18,,,,0,,,,,62.0,200.0,1,59.0,4.0,60.0,0,21.0,FalkTo20
177,Roy Clay,WB,Frederick,1944,1944,0,0,0,0,1,,,,0,,,,,,,0,,,,0,,ClayRo20
178,Roland Caranci,T,Marshall,1944,1944,0,0,0,0,2,,,,0,,,,,,,0,,,,0,,CaraRo20
179,Coye Dunn,B,Vilas,1943,1943,0,0,0,0,3,,,,0,,,,,,,0,,,,0,,DunnCo20
180,Whizzer White,TB,Fort Collins,1938,1941,2,0,3,0,33,86.0,215.0,1192.0,4,47.0,35.0,,,387.0,1321.0,11,79.0,16.0,301.0,1,71.0,WhitWh00
181,Ray Johnson,DB,Denver,1937,1940,0,0,0,0,4,3.0,5.0,45.0,0,,1.0,,,7.0,28.0,0,,,,0,,JohnRa21
182,Bob Winslow,DE,Rifle,1940,1940,0,0,0,0,10,,,,0,,,,,,,0,,,,0,,WinsBo20
183,Dutch Clark,TB,Fowler,1931,1938,6,0,5,0,75,114.0,250.0,1507.0,11,,26.0,,,606.0,2772.0,36,,28.0,341.0,6,23.0,ClarDu20
184,Wilbur White,B,Seibert,1935,1936,0,0,0,0,11,10.0,33.0,73.0,2,,6.0,,,24.0,62.0,0,,2.0,21.0,0,,WhitWi20
185,Jim Hartman,E,,1936,1936,0,0,0,0,3,,,,0,,,,,,,0,,,,0,,HartJi20
186,Ben Douglas,HB,Denver,1933,1933,0,0,0,0,6,,,,0,,,,,4.0,6.0,0,,5.0,86.0,1,,DougBe20
187,Dick Richards,FB,Pueblo,1933,1933,0,0,1,0,9,,,,0,,,,,14.0,40.0,0,,2.0,22.0,0,,RichDi20
188,Wild Bill Kelly,B,Denver,1927,1930,0,0,3,0,52,,,,23,,,,,0.0,0.0,6,0.0,,,0,,KellWi20
189,Bob Lundell,E,Pueblo,1929,1930,0,0,2,0,20,,,,0,,,,,,,0,,,,0,,LundBo20
190,Jack Evans,BB,,1929,1929,0,0,0,0,2,,,,0,,,,,,,0,,,,0,,EvanJa20
191,Pete Schaffnit,B,Denver,1926,1926,0,0,0,0,9,,,,0,,,,,,,0,,,,0,,SchaPe21
192,Marv Wood,WB,Mancos County,1924,1924,0,0,0,0,4,,,,0,,,,,,,0,,,,0,,WoodMa20
193,Roy Ratekin,E,Cedaredge,1921,1921,0,0,0,0,4,,,,0,,,,,,,0,,,,0,,RateRo20
