Rk,Player,Pos,City,From,To,AP1,PB,St,wAV,G,Cmp,Att,Yds,TD,Lng,Int,Sk,Yds.1,Att.1,Yds.2,TD.1,Lng.1,Rec,Yds.3,TD.2,Lng.2,Player-additional
1,Tyson Alualu,DT,Honolulu,2010,2023,0,0,7,45,193,,,,0,,,,,1.0,0.0,0,0.0,2.0,19.0,0,16.0,AluaTy99
2,Marcus Mariota,QB,Honolulu,2015,2023,0,0,5,54,90,1327.0,2118.0,15820.0,93,75.0,55.0,186.0,1198.0,357.0,2064.0,17,87.0,2.0,62.0,1,41.0,MariMa01
3,Kamu Grugier-Hill,OLB,Honolulu,2016,2023,0,0,3,23,115,,,,0,,,,,,,0,,1.0,4.0,0,4.0,GrugKa00
4,Isaac Seumalo,G,Honolulu,2016,2023,0,0,4,29,98,,,,0,,,,,,,0,,,,0,,SeumIs00
5,DeForest Buckner,DT,Wainanae,2016,2023,1,3,7,70,129,,,,0,,,,,,,0,,,,0,,BuckDe00
6,Ka'imi Fairbairn,K,Kailua,2017,2023,0,0,1,19,106,,,,0,,,,,,,0,,,,0,,FairKa01
7,Nate Herbig,G,Lihue,2019,2023,0,0,2,12,61,,,,0,,,,,,,0,,,,0,,HerbNa01
8,Tua Tagovailoa,QB,Ewa Beach,2020,2023,0,1,3,38,53,1096.0,1638.0,12639.0,81,84.0,37.0,90.0,622.0,136.0,381.0,6,23.0,,,0,,TagoTu00
9,Jamin Davis,LB,Honolulu,2021,2023,0,0,1,16,45,,,,0,,,,,,,0,,,,0,,DaviJa11
10,Nick Herbig,LB,,2023,2023,0,0,0,2,17,,,,0,,,,,,,0,,,,0,,HerbNi00
11,Chris Glaser,G,Honolulu,2023,2023,0,0,0,0,5,,,,0,,,,,,,0,-12.0,,,0,,GlasCh01
12,Kana'i Mauga,LB,Waianae,2023,2023,0,0,0,0,5,,,,0,,,,,,,0,,,,0,,MaugKa00
13,Breiden Fehoko,NT,Honolulu,2020,2022,0,0,0,3,19,,,,0,,,,,,,0,,,,0,,FehoBr01
14,Bradlee Anae,DL,Laie,2020,2021,0,0,0,1,11,,,,0,,,,,,,0,,,,0,,AnaeBr00
15,Manti Te'o,ILB,Laie,2013,2020,0,0,4,20,62,,,,0,,,,,,,0,,,,0,,TeoxMa00
16,Kamalei Correa,OLB,Honolulu,2016,2020,0,0,1,11,63,,,,0,,,,,,,0,,,,0,,CorrKa00
17,Hercules Mata'afa,DE,Lahaina,2019,2020,0,0,0,2,19,,,,0,,,,,,,0,,,,0,,MataHe00
18,Mitchell Loewen,DE,Lahaina,2017,2019,0,0,0,0,4,,,,0,,,,,,,0,,,,0,,LoewMi00
19,John Ursua,WR,Kailuna-Kona,2019,2019,0,0,0,0,3,,,,0,,,,,,,0,,1.0,11.0,0,11.0,UrsuJo00
20,Max Unger,C,Kailua-Kona,2009,2018,1,3,9,69,130,,,,0,,,,,,,0,,,,0,,UngeMa20
21,Shawn Lauvao,G,Honolulu,2010,2018,0,0,7,36,99,,,,0,,,,,,,0,,,,0,,LauvSh20
22,David Amerson,CB,Honolulu,2013,2018,0,0,4,20,74,,,,0,,,,,,,0,,,,0,,AmerDa00
23,Nick Rose,K,Oahu,2017,2018,0,0,0,0,10,,,,0,,,,,,,0,,,,0,,RoseNi00
24,Pasoni Tasini,DT,Wailuku,2018,2018,0,0,0,0,1,,,,0,,,,,,,0,,,,0,,TasiPa00
25,Hau'oli Kikaha,OLB,Laie,2015,2017,0,0,1,5,27,,,,0,,,,,,,0,,,,0,,KikaHa00
26,Jordan Norwood,WR,Honolulu,2009,2016,0,0,1,6,42,,,,0,,,,,2.0,1.0,0,1.0,79.0,844.0,2,51.0,NorwJo00
27,Josh Mauga,LILB,Ewa Beach,2010,2015,0,0,2,18,59,,,,0,,,,,,,0,,,,0,,MaugJo00
28,John Lotulelei,OLB,Kihei,2013,2015,0,0,0,1,18,,,,0,,,,,,,0,,,,0,,LotuJo00
29,Matthew Masifilo,DT,Honolulu,2014,2015,0,0,0,0,3,,,,0,,,,,,,0,,,,0,,MasiMa00
30,Uani Unga,MLB,Laie,2015,2015,0,0,0,2,13,,,,0,,,,,,,0,,,,0,,UngaUa00
31,Dominic Raiola,C,Honolulu,2001,2014,0,0,13,64,219,,,,0,,,,,,,0,,,,0,,RaioDo20
32,Samson Satele,C,Kailua,2007,2014,0,0,8,48,118,,,,0,,,,,1.0,0.0,0,0.0,1.0,-3.0,0,0.0,SateSa20
33,Phil Loadholt,T,Honolulu,2009,2014,0,0,6,36,89,,,,0,,,,,,,0,,,,0,,LoadPh20
34,Tony Fiammetta,RB,Kaneohe,2009,2014,0,0,2,1,51,,,,0,,,,,11.0,26.0,0,11.0,12.0,130.0,0,30.0,FiamTo00
35,Kaluka Maiava,OLB,Wailuku,2009,2014,0,0,1,13,63,,,,0,,,,,,,0,,,,0,,MaiaKa99
36,Guy Whimper,T,Honolulu,2006,2013,0,0,1,13,78,,,,0,,,,,,,0,,3.0,28.0,1,17.0,WhimGu20
37,Wayne Hunter,T,Honolulu,2004,2012,0,0,1,13,77,,,,0,,,,,,,0,,0.0,0.0,0,0.0,HuntWa20
38,Al Afalava,DB,Laie,2009,2012,0,0,1,5,29,,,,0,,,,,,,0,,,,0,,AfalAl99
39,Mana Silva,S,Hilo,2011,2012,0,0,0,0,12,,,,0,,,,,,,0,,,,0,,SilvMa00
40,Kealoha Pilares,WR,Wahiawa,2011,2012,0,0,0,1,20,,,,0,,,,,1.0,17.0,0,12.0,2.0,42.0,1,36.0,PilaKe00
41,Olin Kreutz,C,Honolulu,1998,2011,1,6,11,73,195,,,,0,,,,,,,0,,1.0,-8.0,0,0.0,KreuOl00
42,Travis LaBoy,DE,Honolulu,2004,2011,0,0,3,21,95,,,,0,,,,,,,0,,,,0,,LaBoTr20
43,Chris Kemoeatu,G,Kahuka,2006,2011,0,0,3,27,75,,,,0,,,,,,,0,,,,0,,KemoCh20
44,Ikaika Alama-Francis,DE,Kane'ohe,2007,2011,0,0,0,2,35,,,,0,,,,,,,0,,,,0,,AlamIk99
45,Vince Manuwai,G,Honolulu,2003,2010,0,0,7,49,111,,,,0,,,,,,,0,,1.0,-1.0,0,0.0,ManuVi20
46,Aaron Francisco,DB,Laie,2005,2010,0,0,1,10,75,,,,0,,,,,,,0,,,,0,,FranAa20
47,Chris Ellis,DE,,2008,2010,0,0,0,2,15,,,,0,,,,,,,0,,,,0,,ElliCh99
48,Donovan Raiola,C,Honolulu,2010,2010,0,0,0,0,1,,,,0,,,,,,,0,,,,0,,RaioDo00
49,Jordon Dizon,LB,Kauai,2008,2009,0,0,0,2,28,,,,0,,,,,,,0,,,,0,,DizoJo99
50,Michael Bumpus,WR,Honolulu,2008,2008,0,0,0,0,4,,,,0,,,,,,,0,,5.0,48.0,1,19.0,BumpMi00
51,Kimo von Oelhoffen,DE,Kaunakakai,1994,2007,0,0,9,56,197,,,,0,,,,,,,0,,,,0,,vonOKi20
52,Chris Naeole,G,Kailua,1997,2007,0,0,9,61,154,,,,0,,,,,,,0,,,,0,,NaeoCh20
53,Chad Owens,WR,Honolulu,2005,2007,0,0,0,0,6,,,,0,,,,,,,0,,0.0,0.0,0,0.0,OwenCh00
54,Jesse Mahelona,DT,Honolulu,2006,2007,0,0,0,1,11,,,,0,,,,,,,0,,,,0,,MaheJe20
55,Itula Mili,TE,Kahuku,1998,2006,0,0,2,15,114,,,,0,,,,,,,0,,164.0,1743.0,13,49.0,MiliIt00
56,Chris Fuamatu-Ma'afala,RB,Honolulu,1998,2004,0,0,0,9,73,,,,0,,,,,227.0,964.0,8,46.0,43.0,351.0,2,54.0,FuamCh00
57,Makoa Freitas,T,Honolulu,2003,2004,0,0,0,7,28,,,,0,,,,,,,0,,,,0,,FreiMa20
58,Trevor Hutton,G,Hilo,2004,2004,0,0,0,1,4,,,,0,,,,,,,0,,,,0,,HuttTr20
59,Byron Chamberlain,TE,Honolulu,1995,2003,0,1,2,17,106,,,,0,,,,,,,0,,167.0,2048.0,6,88.0,ChamBy00
60,R.J. Bowers,RB,Honolulu,2001,2003,0,0,0,1,8,,,,0,,,,,18.0,84.0,1,21.0,2.0,2.0,1,2.0,BoweRJ00
61,Joe Wong,G,Waimanalo,2003,2003,0,0,0,0,2,,,,0,,,,,,,0,,,,0,,WongJo20
62,Joe Tuipala,MLB,Honolulu,2001,2002,0,0,0,2,27,,,,0,,,,,,,0,,,,0,,TuipJo20
63,Steven Grace,C,Honolulu,2002,2002,0,0,0,0,1,,,,0,,,,,,,0,,,,0,,GracSt20
64,Sale Isaia,G,Honolulu,1996,2000,0,0,1,7,25,,,,0,,,,,,,0,,,,0,,IsaiSa20
65,Kurt Gouveia,LB,Honolulu,1987,1999,0,0,5,43,183,,,,0,,,,,,,0,,,,0,,GouvKu20
66,Esera Tuaolo,NT,Honolulu,1991,1999,0,0,3,24,111,,,,0,,,,,,,0,,,,0,,TuaoEs20
67,Ink Aleaga,LB,Honolulu,1997,1999,0,0,0,3,26,,,,0,,,,,,,0,,,,0,,AleaIn20
68,Kaipo McGuire,WR,Honolulu,1997,1998,0,0,0,0,4,,,,0,,,,,,,0,,,,0,,McGuKa00
69,Bern Brostek,C,Honolulu,1990,1997,0,0,6,34,105,,,,0,,,,,,,0,,,,0,,BrosBe20
70,Leo Goeas,G,Honolulu,1990,1997,0,0,5,33,111,,,,0,,,,,,,0,,,,0,,GoeaLe20
71,James Ritchey,QB,Honolulu,1997,1997,0,0,0,0,1,2.0,2.0,15.0,0,11.0,0.0,1.0,9.0,1.0,6.0,0,6.0,,,0,,RitcJa20
72,Mike Ulufale,DT,Honolulu,1996,1996,0,0,0,0,3,,,,0,,,,,,,0,,,,0,,UlufMi20
73,Kani Kauahi,C,Kekaha,1982,1993,0,0,0,11,140,,,,0,,,,,,,0,,,,0,,KauaKa20
74,Shawn Patterson,DE,Oahu,1988,1993,0,0,0,10,48,,,,0,,,,,,,0,,,,0,,PattSh20
75,Glen Kozlowski,WR,Honolulu,1987,1992,0,0,0,5,66,,,,0,,,,,1.0,3.0,0,3.0,31.0,471.0,3,55.0,KozlGl00
76,Nuu Faaola,RB,Honolulu,1986,1989,0,0,0,0,52,,,,0,,,,,20.0,71.0,2,18.0,2.0,24.0,0,16.0,FaaoNu00
77,John Kamana,RB,Honolulu,1984,1987,0,0,0,0,5,,,,0,,,,,,,0,,7.0,51.0,1,15.0,KamaJo20
78,David Aupiu,LB,Honolulu,1987,1987,0,0,0,0,1,,,,0,,,,,,,0,,,,0,,AupiDa20
79,Kaulana Park,RB,Honolulu,1987,1987,0,0,0,0,2,,,,0,,,,,6.0,11.0,0,4.0,1.0,6.0,0,6.0,ParkKa20
80,David Hughes,RB,Honolulu,1981,1986,0,0,1,15,74,,,,0,,,,,308.0,1041.0,2,26.0,107.0,864.0,5,33.0,HughDa01
81,Mike Akiu,WR,Kailua,1985,1986,0,0,0,0,20,,,,0,,,,,,,0,,6.0,99.0,0,27.0,AkiuMi20
82,Matt Blair,LB,Hilo,1974,1985,1,6,9,74,160,,,,0,,,,,,,0,,,,0,,BlaiMa00
83,Blane Gaison,DB,Kaneohe,1981,1984,0,0,0,5,54,,,,0,,,,,,,0,,,,0,,GaisBl20
84,Gary Campbell,LB,Honolulu,1977,1983,0,0,5,41,93,,,,0,,,,,,,0,,,,0,,CampGa20
85,John Tuggle,RB,Honolulu,1983,1983,0,0,0,1,16,,,,0,,,,,17.0,49.0,1,7.0,3.0,50.0,0,27.0,TuggJo20
86,Karl Lorch,DE,Honolulu,1976,1981,0,0,3,28,90,,,,0,,,,,,,0,,,,0,,LorcKa20
87,Jerry Scanlan,T,Honolulu,1980,1981,0,0,0,0,6,,,,0,,,,,,,0,,,,0,,ScanJe20
88,Hal Stringert,DB,Honolulu,1975,1980,0,0,2,17,69,,,,0,,,,,,,0,,,,0,,StriHa20
89,Arnold Morgado,RB,Honolulu,1977,1980,0,0,1,8,52,,,,0,,,,,285.0,956.0,15,19.0,19.0,150.0,1,22.0,MorgAr00
90,Ben Apuna,LB,Honolulu,1980,1980,0,0,0,2,10,,,,0,,,,,,,0,,,,0,,ApunBe20
91,Art Smith,LB,Honolulu,1980,1980,0,0,0,0,2,,,,0,,,,,,,0,,,,0,,SmitAr20
92,Jim Nicholson,T,Honolulu,1974,1979,0,0,5,26,72,,,,0,,,,,,,0,,,,0,,NichJi20
93,Rocky Freitas,T,Kailua,1968,1978,0,1,8,56,134,,,,0,,,,,,,0,,1.0,-8.0,0,0.0,FreiRo00
94,Charles Aiu,G,Honolulu,1976,1978,0,0,0,9,33,,,,0,,,,,,,0,,,,0,,AiuxCh20
95,Ray Schoenke,G,Wahiawa,1963,1975,0,0,6,44,145,,,,0,,,,,,,0,,,,0,,SchoRa20
96,Mel Tom,DE,Honolulu,1967,1975,0,0,6,31,117,,,,0,,,,,,,0,,,,0,,TomxMe20
97,Mark Ilgenfritz,DE,Honolulu,1974,1974,0,0,0,2,14,,,,0,,,,,,,0,,,,0,,IlgeMa20
98,Ken Lee,MLB,Honolulu,1971,1972,0,0,1,4,13,,,,0,,,,,,,0,,,,0,,LeexKe21
99,Fred Brown,LB,Honolulu,1965,1969,0,0,0,8,40,,,,0,,,,,,,0,,1.0,20.0,0,20.0,BrowFr21
100,Lew Kamanu,DE,Honolulu,1967,1968,0,0,0,5,12,,,,0,,,,,,,0,,,,0,,KamaLe20
101,Don Parker,G,Honolulu,1967,1967,0,0,0,3,12,,,,0,,,,,,,0,,,,0,,ParkDo20
102,John Kapele,DE,Honolulu,1960,1962,0,0,0,11,38,,,,0,,,,,,,0,,,,0,,KapeJo20
103,John Simerson,C,Honolulu,1957,1961,0,0,1,4,43,,,,0,,,,,,,0,,,,0,,SimeJo20
104,Leo Reed,T,Kahuku,1961,1961,0,0,0,4,9,,,,0,,,,,,,0,,,,0,,ReedLe20
105,Charlie Ane,T,Honolulu,1953,1959,0,2,7,0,83,,,,0,,,,,0.0,10.0,0,10.0,,,0,,AnexCh00
106,Joe Francis,QB,Honolulu,1958,1959,0,0,0,0,24,20.0,49.0,266.0,2,50.0,3.0,,69.0,26.0,158.0,1,20.0,,,0,,FranJo20
107,Herman Clark,G,Honolulu,1952,1957,0,0,4,0,53,,,,0,,,,,,,0,,,,0,,ClarHe20
108,Stan Sheriff,LB,Honolulu,1954,1957,0,0,2,0,24,,,,0,,,,,,,0,,,,0,,SherSt20
109,Jim Clark,T,Honolulu,1952,1953,0,0,1,0,24,,,,0,,,,,,,0,,,,0,,ClarJi20
110,Herm Wedemeyer,B,Honolulu,1948,1949,0,0,1,0,25,9.0,31.0,79.0,0,,4.0,3.0,47.0,143.0,540.0,0,,46.0,442.0,2,,WedeHe20
111,Joe Corn,HB,Honolulu,1948,1948,0,0,0,0,9,,,,0,,,,,11.0,27.0,0,6.0,,,0,,CornJo20
112,Johnny Naumu,HB,Hooevha,1948,1948,0,0,0,0,9,,,,0,,,,,1.0,0.0,0,0.0,,,0,,NaumJo20
113,Wally Yonamine,HB,Olawalu,1947,1947,0,0,0,0,12,,,,0,,,,,19.0,74.0,0,,3.0,40.0,0,,YonaWa20
114,Harry Field,T,Iao Valley,1934,1936,0,0,2,0,33,,,,0,,,,,,,0,,,,0,,FielHa20
115,Honolulu Hughes,B,Honolulu,1932,1932,0,0,1,0,10,11.0,57.0,134.0,1,,9.0,,,14.0,28.0,0,,2.0,35.0,0,,HughHo20
116,Jim Spencer,G,,1928,1929,0,0,2,0,11,,,,0,,,,,,,0,,,,0,,SpenJi20
117,Sneeze Achiu,WB,Honolulu,1927,1928,0,0,0,0,11,,,,0,,,,,,,0,,,,0,,AchiSn20
118,Sam Hipa,E,Mapulhu,1927,1928,0,0,0,0,5,,,,0,,,,,,,0,,,,0,,HipaSa20
119,Augie Cabrinha,WB,Honolulu,1927,1927,0,0,0,0,3,,,,0,,,,,,,0,,,,0,,CabrAu20
